"Timestamp","Es plānoju samazināt pārtikas atkritumus mājsaimniecībā","Kādā veidā Jūs samaziniet savu atkritumu daudzumu?","Ražotu dzērienu vietā (limonādes, ūdens pudelēs, alkoholiskie dzērieni) es dzeršu krāna ūdeni.","Kāda ir Jūsu uztura izvēle?","Kuras no sekojošām rīcībām Jūs būtu gatavi veikt?","Vai varat īsi paskaidrot, kāpēc izvēlējāties iepriekš minētās darbības? (īsi pamatot, piemēram, ēst vairāk sezonālo augļu un dārzeņu, jo tie ir lētāki).","Kāda veida transportlīdzekļus Jūs izmantojat?","Ja esat automašīnas īpašnieks, kuru no minētajām iespējām Jūs izvēlētos, lai būtu videi draudzīgāks?","Kāpēc neizvēlējāties kādu rīcību no augšā minētajām?","Kurš no sekojošiem apgalvojumiem Jums ir tuvāks?","Kuras no sekojošām darbībām Jūs pārsvarā veicat ar informācijas un komunikācijas tehnoloģiju (IKT) ierīcēm (telefona, datora, televizora u.c.) un to lietošanu?","Kādas darbības Jūs mēģinat veikt, lai samazinātu enerģijas patēriņu?","Ja neveicat kādu no šīm darbībām, kāpēc ne?","Kādā mājokļa tipā Jūs dzīvojat?","Ja Jūsu izvēle nav saistīta ar financēm, kāpēc Jūs izvēlējāties šo mājokļa tipu?","Vai Jūs atteiktos no liekas mājokļa platības?","Kāpēc?","Vai Jūs būtu ar mieru dzīvot koplietojamā mājoklī?","Kāpēc?","Vai Jūsu dzīvesvieta ir papildus nosiltināta?","Ja atbildējāt ""nē"", paskaidrojiet, kāpēc?","Kurš no apgalvojumiem atbilst Jūsu dzīves situācijai?","Kurš no šiem apgalvojumiem ir patiess par Jūsu mājdzīvniekiem?","Kurš no apgalvojumiem par pārvietošanos brīvdienās un atvaļinājumos Jums ir patiess?","Kāpēc?","Kurš no šiem apgalvojumiem par apģērbu un apavu iegādi attiecas uz Jums?","Kurš no apgalvojumiem par Jums ir patiess?","Kāds ir Jūsu dzimums?","Kāds ir Jūsu vecums?","Kāds ir augstākais Jūsu iegūtais izglītības līmenis?"," Kurš no šiem variantiem atspoguļo Jūsu mājsaimniecības ikmēneša neto ienākumus?","Kāds ir Jūsu pašreizējais nodarbinātības statuss?","Kāda ir Jūsu dzīvesvieta?"
"2024/02/22 8:56:23 AM GMT+2","Jā","Lietoju vairākreiz lietojamus produktus;Izmantoju produktus ar minimālo iepakojumu, bez tā vai pārstrādājamo iepakojumu (papīrs, kartons u.c.);Nepērku produktus, kurus nelietošu vai nepaspēšu izlietot laikus;Kompostēju pāri palikušo ēdienu","Jā, bet es papildus lietošu ūdens attīrītāju","Esmu visēdājs","Ēst vairāk bioloģiskos dārzeņus un augļus;Ēst vairāk sezonālos dārzeņus un augļus;Aizstāt lielu dzīvnieku gaļu ar mazāku dzīvnieku gaļu vai zivīm","Jo tādā veidā es piedalos aprites ekonomikā un taupu planētas resursus, bet tas ir nozīmīgi arī manai veselībai.","Personīgais transportlīdzeklis, kurā brauc vairāki cilvēki (klienti, ģimenes locekļi, draugi u.c.);Sabiedriskais transports - autobuss, trolejbuss, tramvajs;Vilciens;Velosipēds;Staigāju ar kājām","Biežāk izmantotu sabiedrisko transportu","Lai samazinātu degvielas patēriņu, kā arī taupītu laiku sastrēgumu dēļ","Es strādāju hibrīdi (gan klātienē, gan attālināti)","Ja es pērku jaunu ierīci, es atdodu savu iepriekšējo kādam citam","Es izmantoju energoefektīvu apgaismojumu (LED);Es nomainīju visas energoietilpīgas ierīces ar energoefektīvām (A+, A un B klašu tehniku);Es žāvēju savu veļu svaigā gaisā nevis veļas žāvētājā;Es atslēdzu daudzas ierīces no rozetēm, pirms dodos prom no mājām","Grūti atteikties no karstā ūdens lietošanas, un patīk, ka mājās ir silts","man ir divas mājvietas: vasaras un ziemas","ziemā vieglāk ar pilsētas komunālajiem pakalpojumiem un tuvāk darba vietai, vasarā iespēja kopt dārzu un būt svaigā gaisā","Jā","","","resursu taupīšanas nolūkos","Nē","daudzīvokļu mājas problēma vienoties starp īpašniekiem, otra māja būvēta kā vasaras māja","centrālā apkure un malka vai briketes","Man nav mājdzīvnieku","dodos atvaļinājumā gan ar auto, gan moto, gan avio","patīk daudzveidība","Es pērku jaunas drēbes tikai tad, kad manas vecās lietas ir saplēstas;Nēsāju vienu un to pašu apģērbu jau vairākus gadus un neplānoju tuvakajā nākotnē to mainīt;Es periodiski iegādājos jaunu apģērbu, ja man tas patīk","Nepērkot preces, es tērēju vairāk naudas nesaistītām aktivitātēm","Sieviete","41-50 gadi","Augtākā izglītība, maģistrs","No 3 001 EUR līdz 4 500 EUR","Darbinieks: Pilna slodze","Pilsēta"
"2024/02/22 8:59:24 AM GMT+2","Jā","Lietoju vairākreiz lietojamus produktus;Izmantoju produktus ar minimālo iepakojumu, bez tā vai pārstrādājamo iepakojumu (papīrs, kartons u.c.);Kompostēju pāri palikušo ēdienu","Jā, es uzskatu, ka tas palīdz taupīt naudu","Esmu visēdājs","Samazināt savā uzturā dzīvnieku izcelsmes produktus;Ēst tik daudz, cik vajadzīgs cilvēka organismam, lai būtu vesels","Es esmu par veselīgo dzīves veidu ","Personīgais transportlīdzeklis, ar kuru pats braucu;Velosipēds","Braukt ar velosipēdu ","Nav iespējas ","Es izvēlos darba vietu vai mācību iestādi netālu no savas dzīvesvietas","Es nolieku veco ierīci kādā glabājamā vietā savā mājā, garažā vai pagrabā","Es samazinu savas istabas temperatūru","Nav ērti ","Jā","No ienākumiem ","Nē","","","Cits","Nē","Nav naudas tam","Es nezinu, ar ko tiek apsildīta mana māja","Man nav mājdzīvnieku","Es dodos atvaļinājumā ar automašīnu nevis lidmašīnu","Ērtāk ","Es pērku jaunas drēbes tikai tad, kad manas vecās lietas ir saplēstas","Es samazinu savu darba laiku un patēriņu precēm","Vīrietis","41-50 gadi","Augtākā izglītība, maģistrs","No 1 501 EUR līdz 3 000 EUR","Darbinieks: Pilna slodze","Pilsēta"
"2024/02/22 9:09:32 AM GMT+2","Jā","Lietoju vairākreiz lietojamus produktus;Kompostēju pāri palikušo ēdienu","Jā, bet es papildus lietošu ūdens attīrītāju","Esmu visēdājs","Samazināt savā uzturā dzīvnieku izcelsmes produktus;Ēst vairāk bioloģiskos dārzeņus un augļus;Aizstāt lielu dzīvnieku gaļu ar mazāku dzīvnieku gaļu vai zivīm","Ēst pašu audzētus dārzeņus","Personīgais transportlīdzeklis, kurā brauc vairāki cilvēki (klienti, ģimenes locekļi, draugi u.c.);Velosipēds;Staigāju ar kājām","Iegādātos mazāku automašīnu","","Es strādāju hibrīdi (gan klātienē, gan attālināti)","Es pērku ierīces ar nelielu defektu vai bojājumu, salaboju to un lietoju;Ja es pērku jaunu ierīci, es atdodu savu iepriekšējo kādam citam","Es izmantoju energoefektīvu apgaismojumu (LED);Es žāvēju savu veļu svaigā gaisā nevis veļas žāvētājā;Es atslēdzu daudzas ierīces no rozetēm, pirms dodos prom no mājām","Daru to ko varu pagūt","Nē, man ir privātmāja","Nekorekts jautājums","Varbūt, ja tiešām būtu pietiekami lielas neizmantotas telpas.","","","Lai samazinātu uzturēšanas izmaksas","Jā","","Rīgas siltums nodrošina apkuri","Man nav mājdzīvnieku","Es dodos atvaļinājumā ar automašīnu nevis lidmašīnu;Es dodos ceļojumā uz tuvējām pilsētām nevis uz ārzemēm","Tapēc, ka man tā patīk","Es pērku jaunas drēbes tikai tad, kad manas vecās lietas ir saplēstas;Pērku nedaudz deformētas vai bojātas lietas, salaboju un nēsāju","Es pērku preces ar īpašu akciju, kur daļa no preces cenas aiziet ziedojumam videi","Vīrietis","51-60 gadi","Augtākā izglītība, bakalaurs","No 1 501 EUR līdz 3 000 EUR","Darbinieks: Pilna slodze","Pilsēta"
"2024/02/22 9:16:36 AM GMT+2","Jā","Kompostēju pāri palikušo ēdienu","Jā, es to jau daru","Esmu visēdājs","Ēst vairāk bioloģiskos dārzeņus un augļus;Ēst vairāk sezonālos dārzeņus un augļus;Ēst tik daudz, cik vajadzīgs cilvēka organismam, lai būtu vesels","Iespējams mūsu dārzeņi un augļi ir ar mazāk kaitīgām vielām.","Personīgais transportlīdzeklis, ar kuru pats braucu;Sabiedriskais transports - autobuss, trolejbuss, tramvajs;Staigāju ar kājām","Biežāk izmantotu sabiedrisko transportu","Izmantojot sabiedrisko tr. Liels laika zudums, ja dzīvo ārpus Rīgas.  Nav izveidoti stāvlaukumi pierīgā, lai izmantotu sabiedrisko tr. ērti.","Manā apkārtnē nav darba vietas vai mācību iestādes, tāpēc braucu tālu","Es vienkārši izmetu savu veco ierīci;Es nolieku veco ierīci kādā glabājamā vietā savā mājā, garažā vai pagrabā","Es izmantoju energoefektīvu apgaismojumu (LED);Mēģinam izslēgt gaismu mājās ja neatrodamies telpā, naktī ārpusē slēdzam ārā apgaismojumu.",".","Nē, man ir privātmāja","Ģimenei draudzīgāks, svaigā gaisā mežā.","Nē","","","Galvenais ir ērts izvietojums, lai katram ir sava telpa.","Nē","Līdzekļu trūkums, siltināšana atmaksājas ilgā termiņā, bet tā ir mājas darāmo darbu sarakstā.","Granulas","Es pērku vienu lielu maisu ar barību vai izmantoju beziepakojuma pakalpojumus, nevis pērku vairākas mazas paciņas","Es dodos atvaļinājumā ar automašīnu nevis lidmašīnu;Nedēļas nogalēs ļoti maz ceļoju ar lidmašīnu;Es dodos ceļojumā uz tuvējām pilsētām nevis uz ārzemēm","Pēc iespējām izmantojam atbilstošāko transporya veidu.","Es pērku jaunas drēbes tikai tad, kad manas vecās lietas ir saplēstas;Es periodiski iegādājos jaunu apģērbu, ja man tas patīk","Es neveicu darbības, lai finansiāli atbalstīto ekoloģiskos projektus","Sieviete","31-40 gadi","Augtākā izglītība, bakalaurs","No 1 501 EUR līdz 3 000 EUR","Darbinieks: Pilna slodze","Piepilsēta"
"2024/02/22 9:43:56 AM GMT+2","Jā","Lietoju vairākreiz lietojamus produktus;Nepērku produktus, kurus nelietošu vai nepaspēšu izlietot laikus","Jā, es to jau daru","Esmu visēdājs","Ēst vairāk bioloģiskos dārzeņus un augļus;Ēst vairāk sezonālos dārzeņus un augļus","Jo nevēlos atteikties no gaļas produktiem","Sabiedriskais transports - autobuss, trolejbuss, tramvajs;Vilciens;Velosipēds;Staigāju ar kājām","","Man nav mašīnas","Es strādāju hibrīdi (gan klātienē, gan attālināti)","Ja es pērku jaunu ierīci, es atdodu savu iepriekšējo kādam citam","Es izmantoju energoefektīvu apgaismojumu (LED);Es žāvēju savu veļu svaigā gaisā nevis veļas žāvētājā;Es kopā ar kaimiņiem kopā lietoju vienu ierīci (piemēram, kopīga veļasmazgāšanas mašīna)","","Kojās","","Nē","","Jā","","Jā","","Es nezinu, ar ko tiek apsildīta mana māja","Man nav mājdzīvnieku","Bieži lidoju ar lidmašīnu uz ārzemēm","Esmu internacionāls students","Es pērku jaunas drēbes lietotu preču veikalā, atkārtoti izmantoju apģērbu, ja tie ir labā stāvoklī;Es periodiski iegādājos jaunu apģērbu, ja man tas patīk","Es neveicu darbības, lai finansiāli atbalstīto ekoloģiskos projektus","Sieviete","0-20 gadi","Vidusskola","Mazāk par 600 EUR","Daļslodze un students","Piepilsēta"
"2024/02/22 9:59:02 AM GMT+2","Nē","Nepērku produktus, kurus nelietošu vai nepaspēšu izlietot laikus","Jā, es to jau daru","Esmu visēdājs","Ēst vairāk sezonālos dārzeņus un augļus;Ēst tik daudz, cik vajadzīgs cilvēka organismam, lai būtu vesels","Cik, atkritumu sanāk, tik sanāk. Ja neko ikdienā neko nemaina tad grūti samazināt atkritumus. Dzeru tējas tāpēc izmantoju krāna ūdeni Ēdu to, kas ir kaut cik veselīgs, garšīgs un to ko gribās.","Personīgais transportlīdzeklis, ar kuru pats braucu;Vilciens;Staigāju ar kājām","Iegādātos mazāku automašīnu;Parastās automašīnas vietā iegādātos elektromašīnu;Biežāk izmantotu sabiedrisko transportu","Neizmantotu kopbraukšanu, jo nesakrīt laiki un maršruti ar citiem cilvēkiem.","Es izvēlos darba vietu vai mācību iestādi netālu no savas dzīvesvietas","Es pērku ierīces ar nelielu defektu vai bojājumu, salaboju to un lietoju;Ja es pērku jaunu ierīci, es atdodu savu iepriekšējo kādam citam","Es samazinu izmantotā karstā ūdens daudzumu;Es izmantoju energoefektīvu apgaismojumu (LED);Es atslēdzu daudzas ierīces no rozetēm, pirms dodos prom no mājām","Istabas temperatūru nevaru regulēt.","Dzīvoklī","dzīvoju dzīvokli jo vēlos privātumu","Nē","","","Tā jau maza platība uz kopējo cilvēku daudzumu.","Nē","dzīvokļu mājā, īpašniekiem tā nav bijusi svarīga lieta, nav izveidots projekts, atlikta nauda.","Es nomainīju apkures sistēmu uz biomasas apkures katlu;Es apsildu māju ar dabasgāzi","Es pērku vienu lielu maisu ar barību vai izmantoju beziepakojuma pakalpojumus, nevis pērku vairākas mazas paciņas;Es iegādājos to barību, kurai ir vismazāk CO2 pēdu","Es dodos atvaļinājumā ar automašīnu nevis lidmašīnu;Nedēļas nogalēs ļoti maz ceļoju ar lidmašīnu;Es dodos ceļojumā uz tuvējām pilsētām nevis uz ārzemēm","baigi neatpūšos, bet kad  atpūšos, tad pārāk tālu nebraucu","Es pērku jaunas drēbes tikai tad, kad manas vecās lietas ir saplēstas;Nēsāju vienu un to pašu apģērbu jau vairākus gadus un neplānoju tuvakajā nākotnē to mainīt;Es periodiski iegādājos jaunu apģērbu, ja man tas patīk","Es neveicu darbības, lai finansiāli atbalstīto ekoloģiskos projektus","Vīrietis","21-30 gadi","Vidusskola","Nevēlos izpaust","Darbinieks: Pilna slodze","Pilsēta"
"2024/02/22 10:13:10 AM GMT+2","Nē","Nepērku produktus, kurus nelietošu vai nepaspēšu izlietot laikus","Jā, bet es papildus lietošu ūdens attīrītāju","Esmu veģetarietis","Samazināt savā uzturā dzīvnieku izcelsmes produktus;Ēst vairāk sezonālos dārzeņus un augļus","Uzņemt vitamīnu un minerālvielu daudzumu lielāku, kā arī samazināt dzīvnieku izcelsmes produktus, jo tie nav veselīgi ","Sabiedriskais transports - autobuss, trolejbuss, tramvajs;Vilciens;Velosipēds;Staigāju ar kājām","","","Es izvēlos darba vietu vai mācību iestādi netālu no savas dzīvesvietas","Es nolieku veco ierīci kādā glabājamā vietā savā mājā, garažā vai pagrabā","Es nomainīju visas energoietilpīgas ierīces ar energoefektīvām (A+, A un B klašu tehniku)","","Dzīvoklī","","Jā","Nepieciešmas privātums","Nē","Nelietderīga telpa","Nē","Par dārgu","Es nezinu, ar ko tiek apsildīta mana māja","Man nav mājdzīvnieku","Nedēļas nogalēs ļoti maz ceļoju ar lidmašīnu","Nav tik daudz brīvs","Es pērku jaunas drēbes tikai tad, kad manas vecās lietas ir saplēstas","Es neveicu darbības, lai finansiāli atbalstīto ekoloģiskos projektus","Vīrietis","21-30 gadi","Augtākā izglītība, bakalaurs","No 1 501 EUR līdz 3 000 EUR","Darbinieks: Pilna slodze","Pilsēta"
"2024/02/22 10:20:17 AM GMT+2","Jā","Lietoju vairākreiz lietojamus produktus;Nepērku produktus, kurus nelietošu vai nepaspēšu izlietot laikus;Kompostēju pāri palikušo ēdienu","Jā, bet es papildus lietošu ūdens attīrītāju","Esmu vegāns","Ēst vairāk bioloģiskos dārzeņus un augļus;Ēst vairāk sezonālos dārzeņus un augļus","Videi draudzīgākas izvēles","Velosipēds","Nav auto","","Es strādāju hibrīdi (gan klātienē, gan attālināti)","Es pērku ierīces ar nelielu defektu vai bojājumu, salaboju to un lietoju;Es nolieku veco ierīci kādā glabājamā vietā savā mājā, garažā vai pagrabā","Es samazinu savas istabas temperatūru;Es samazinu izmantotā karstā ūdens daudzumu;Es izmantoju energoefektīvu apgaismojumu (LED);Es žāvēju savu veļu svaigā gaisā nevis veļas žāvētājā;Es atslēdzu daudzas ierīces no rozetēm, pirms dodos prom no mājām","","Dzīvoklī","","Jā","Privātums","Nē","","Nē","Dzīvoju 130+ gadus senā vēsturiskā ēkā","Es apsildu māju ar elektroenerģiju","Man nav mājdzīvnieku","Es dodos ceļojumā uz tuvējām pilsētām nevis uz ārzemēm","","Es pērku jaunas drēbes tikai tad, kad manas vecās lietas ir saplēstas;Es pērku jaunas drēbes lietotu preču veikalā, atkārtoti izmantoju apģērbu, ja tie ir labā stāvoklī;Es periodiski iegādājos jaunu apģērbu, ja man tas patīk","Es veicu ieguldījumus ekoloģiskās un ētiskās zaļajās finansēs;Nepērkot preces, es tērēju vairāk naudas nesaistītām aktivitātēm;Es ziedoju naudu vides aizsardzībai vai vides organizācijai;Es pērku preces ar īpašu akciju, kur daļa no preces cenas aiziet ziedojumam videi","Vīrietis","21-30 gadi","Augtākā izglītība, maģistrs","No 4 501 EUR līdz 6 000 EUR","Darbinieks: Pilna slodze","Pilsēta"
"2024/02/22 10:29:50 AM GMT+2","Nē","Nepērku produktus, kurus nelietošu vai nepaspēšu izlietot laikus;Neuzskatu, ka tas ir nepieciešams","Jā, es to jau daru","Esmu visēdājs","Vides aizsardzības kontekstā neko no šī, uzturu pielāgoju pēc citiem faktoriem","","Personīgais transportlīdzeklis, ar kuru pats braucu;Sabiedriskais transports - autobuss, trolejbuss, tramvajs;Staigāju ar kājām","Vides aizsardzība man nav faktors, izvēloties pārvietošanās veidus","","Es strādāju hibrīdi (gan klātienē, gan attālināti)","Es nolieku veco ierīci kādā glabājamā vietā savā mājā, garažā vai pagrabā","Es izmantoju energoefektīvu apgaismojumu (LED);Es žāvēju savu veļu svaigā gaisā nevis veļas žāvētājā","Neko no augstāk minētā nedaru vides faktoru dēļ, bet elementāras taupības dēļ, un tāpēc ka man nav veļas žāvētāja","Dzīvoklī","Jo man nepieder māja?","Nē","Kāpēc man visa dzīve būtu jādzīvo kā kojās?","Nē","","Nē","Nav no manis atkarīgs","Pats es neko neapsildu, bet tas tiek darīts ar gāzi","Man nav mājdzīvnieku","Nedēļas nogalēs mazāk lietoju personīgo transportlīdzekli nekā darba dienās","","Es periodiski iegādājos jaunu apģērbu, ja man tas patīk","Es neveicu darbības, lai finansiāli atbalstīto ekoloģiskos projektus","Vīrietis","21-30 gadi","Augtākā izglītība, bakalaurs","No 1 501 EUR līdz 3 000 EUR","Darbinieks: Pilna slodze","Pilsēta"
"2024/02/22 11:39:56 AM GMT+2","Nē","Nepērku produktus, kurus nelietošu vai nepaspēšu izlietot laikus;Kompostēju pāri palikušo ēdienu","Jā, es to jau daru","Esmu visēdājs","Samazināt savā uzturā dzīvnieku izcelsmes produktus;Ēst vairāk bioloģiskos dārzeņus un augļus;Ēst vairāk sezonālos dārzeņus un augļus;Ēst tik daudz, cik vajadzīgs cilvēka organismam, lai būtu vesels","tie ir lētāki un labāk garšo","Sabiedriskais transports - autobuss, trolejbuss, tramvajs;Vilciens;Velosipēds","Iegādātos mazāku automašīnu;Izmantotu kopbraukšanu (carsharing);Biežāk izmantotu sabiedrisko transportu","pašlaik esmu students un nevaru atļauties elektrisko mašīnu","Es strādāju hibrīdi (gan klātienē, gan attālināti)","Ja es pērku jaunu ierīci, es atdodu savu iepriekšējo kādam citam;Es nolieku veco ierīci kādā glabājamā vietā savā mājā, garažā vai pagrabā","Es samazinu savas istabas temperatūru;Es izmantoju energoefektīvu apgaismojumu (LED);Es žāvēju savu veļu svaigā gaisā nevis veļas žāvētājā;Es kopā ar kaimiņiem kopā lietoju vienu ierīci (piemēram, kopīga veļasmazgāšanas mašīna)","","Dzīvoklī","jo esmu students","Jā","jo esmu students xd","Jau dzīvoju","jo man nav nepieciešama liela mājokļa platība","nezinu","","Es nezinu, ar ko tiek apsildīta mana māja","Man nav mājdzīvnieku","Es dodos ceļojumā uz tuvējām pilsētām nevis uz ārzemēm","pašlaik nevaru atļauties","Es pērku jaunas drēbes tikai tad, kad manas vecās lietas ir saplēstas;Es pērku jaunas drēbes lietotu preču veikalā, atkārtoti izmantoju apģērbu, ja tie ir labā stāvoklī;Pērku nedaudz deformētas vai bojātas lietas, salaboju un nēsāju;Es periodiski iegādājos jaunu apģērbu, ja man tas patīk","Es neveicu darbības, lai finansiāli atbalstīto ekoloģiskos projektus","Sieviete","21-30 gadi","Augtākā izglītība, bakalaurs","Mazāk par 600 EUR","Students: Pilna laika studijas","Pilsēta"
"2024/02/22 2:12:12 PM GMT+2","Jā","Lietoju vairākreiz lietojamus produktus;Nepērku produktus, kurus nelietošu vai nepaspēšu izlietot laikus","Nē, es neuzskatu, ka tas ir droši","Esmu visēdājs","Ēst vairāk sezonālos dārzeņus un augļus;Ēst tik daudz, cik vajadzīgs cilvēka organismam, lai būtu vesels","Izvēloties ēst vairāk sezonālos dārzeņus un augļus, es veicinātu gan savu veselību, gan vides ilgtspēju. izvēloties ēst tik daudz, cik nepieciešams cilvēka organismam, lai būtu veselam, es ievērotu līdzsvarotu un veselīgu uzturu.","Sabiedriskais transports - autobuss, trolejbuss, tramvajs;Staigāju ar kājām","","Nav mašīnas vadīšanas tiesību","Es strādāju hibrīdi (gan klātienē, gan attālināti)","Ja es pērku jaunu ierīci, es atdodu savu iepriekšējo kādam citam;Es nolieku veco ierīci kādā glabājamā vietā savā mājā, garažā vai pagrabā","Es žāvēju savu veļu svaigā gaisā nevis veļas žāvētājā;Es kopā ar kaimiņiem kopā lietoju vienu ierīci (piemēram, kopīga veļasmazgāšanas mašīna)","","Dzīvoklī","Šobrīd pieejamā iespeja","Jā","Nebūtu komforti ","Nē","Nav vajadzīgs, ja dzīvoju viens","Jā","","Es nezinu, ar ko tiek apsildīta mana māja","Man nav mājdzīvnieku","Drīzāk vispar neceļoju","Nav intereses un iespēju","Es pērku jaunas drēbes lietotu preču veikalā, atkārtoti izmantoju apģērbu, ja tie ir labā stāvoklī;Es periodiski iegādājos jaunu apģērbu, ja man tas patīk","Es neveicu darbības, lai finansiāli atbalstīto ekoloģiskos projektus","Vīrietis","0-20 gadi","Vidusskola (procesā)","Nevēlos izpaust","Students: Pilna laika studijas","Pilsēta"
"2024/02/22 2:14:18 PM GMT+2","Jā","Nepērku produktus, kurus nelietošu vai nepaspēšu izlietot laikus","Jā, es plānoju tā darīt","Esmu visēdājs","Ēst vairāk bioloģiskos dārzeņus un augļus","Mūsu organismā. Iespējams labāk uzsūcas dārzeņi, jo vai4āk šķiedrvielu, tie arī satur šķidrumu, piem.burkāni, kāposti, gurķi, tomāti","Personīgais transportlīdzeklis, kurā brauc vairāki cilvēki (klienti, ģimenes locekļi, draugi u.c.)","Biežāk izmantotu sabiedrisko transportu","","Es izvēlējos dzīvesvietu netālu no sava darba vai mācību iestādes","Ja es pērku jaunu ierīci, es atdodu savu iepriekšējo kādam citam","Es izmantoju energoefektīvu apgaismojumu (LED)","","Dzīvoklī","Latvijā nav iespējams iegādāties privātmāju tik vienkārši, kā gribētos","Nav liekas platības","","Nē","","Jā","","Es apsildu māju ar dabasgāzi","Es pērku vienu lielu maisu ar barību vai izmantoju beziepakojuma pakalpojumus, nevis pērku vairākas mazas paciņas","Es dodos ceļojumā uz tuvējām pilsētām nevis uz ārzemēm","Tuvāk un draudzīgāk","Es pērku jaunas drēbes tikai tad, kad manas vecās lietas ir saplēstas","Es pērku preces ar īpašu akciju, kur daļa no preces cenas aiziet ziedojumam videi","Sieviete","51-60 gadi","Augtākā izglītība, bakalaurs","No 1 501 EUR līdz 3 000 EUR","Darbinieks: Pilna slodze","Pilsēta"
"2024/02/22 2:49:39 PM GMT+2","Jā","Nepērku produktus, kurus nelietošu vai nepaspēšu izlietot laikus","Jā, es uzskatu, ka tas palīdz taupīt naudu","Esmu visēdājs","Ēst vairāk sezonālos dārzeņus un augļus","","Sabiedriskais transports - autobuss, trolejbuss, tramvajs;Staigāju ar kājām","Izmantotu kopbraukšanu (carsharing);Biežāk izmantotu sabiedrisko transportu","","Es izvēlos darba vietu vai mācību iestādi netālu no savas dzīvesvietas","Ja es pērku jaunu ierīci, es atdodu savu iepriekšējo kādam citam","Es samazinu savas istabas temperatūru;Es izmantoju energoefektīvu apgaismojumu (LED)","","Dzīvoklī","","Jā","","Jā","","Jā","","Es apsildu māju ar elektroenerģiju","Man nav mājdzīvnieku","Nedēļas nogalēs mazāk lietoju personīgo transportlīdzekli nekā darba dienās","","Es pērku jaunas drēbes tikai tad, kad manas vecās lietas ir saplēstas","Es samazinu savu darba laiku un patēriņu precēm","Vīrietis","0-20 gadi","Vidusskola","Mazāk par 600 EUR","Students: Pilna laika studijas","Pilsēta"
"2024/02/22 6:10:47 PM GMT+2","Nē","Neuzskatu, ka tas ir nepieciešams","Jā, es to jau daru","neēdu zivju produktus","Nē, neviens no šiem variantiem nešķiet piemērots","Neviens nešķiet piemērots, vēderam nepatīk izmaiņas uzturā.","Personīgais transportlīdzeklis, ar kuru pats braucu","Izmantotu kopbraukšanu (carsharing)","","Es izvēlos darba vietu vai mācību iestādi netālu no savas dzīvesvietas","Es nolieku veco ierīci kādā glabājamā vietā savā mājā, garažā vai pagrabā","Es žāvēju savu veļu svaigā gaisā nevis veļas žāvētājā","","Dzīvoklī","","Nē","","Nē","","Jā","","Es apsildu māju ar dabasgāzi","Pērku to, ko mājdzīvnieki ēd (kas nav lētākais), jo diemžēl lētākais negaršo ","Nedēļas nogalēs mazāk lietoju personīgo transportlīdzekli nekā darba dienās","","Es pērku jaunas drēbes tikai tad, kad manas vecās lietas ir saplēstas;Es periodiski iegādājos jaunu apģērbu, ja man tas patīk","Es neveicu darbības, lai finansiāli atbalstīto ekoloģiskos projektus","Vīrietis","0-20 gadi","Vidusskola","No 1 501 EUR līdz 3 000 EUR","Darbinieks: Pilna slodze","Pilsēta"
"2024/02/22 7:38:34 PM GMT+2","Jā","Lietoju vairākreiz lietojamus produktus;Depozīta pudeles, lietojam ūdenim spec.pudeles","Jā, es to jau daru","Esmu visēdājs","Ēst vairāk sezonālos dārzeņus un augļus;Ēst tik daudz, cik vajadzīgs cilvēka organismam, lai būtu vesels","Izvēlos pārtiku attiecīgi pēc izmaksām, ne vienmēr var nodrošināt uzturā augļus, jo tie nesezonā ir ar paaugstinātu maksu","Personīgais transportlīdzeklis, kurā brauc vairāki cilvēki (klienti, ģimenes locekļi, draugi u.c.)","Mašīnai ir gāzes iekārta, līdz ar to CO2izmešu nav","Mazāka mašīna nevar ietilpt visa ģimene, elektro auto ir parak dargs, neizvēlos SAB.transportu, jo izbaudu to brīvību, ko sniedz auto. ","Attālums neietekmē darba izvēli","Vecās iekārtas, ja nav darba kārtībā,  nododu spec.firmām","Es izmantoju energoefektīvu apgaismojumu (LED);Es žāvēju savu veļu svaigā gaisā nevis veļas žāvētājā;Es atslēdzu daudzas ierīces no rozetēm, pirms dodos prom no mājām","Samazināta t telpās ir uz minimālo, ja samazinātu vēl, radītu risku trubām sasalt, karstais ūdens nepieciešams ģimenes locekļiem, lai pilvērtīgi uzsāktu dienu, visas elektroiekārtas jau ir ar A klasi, ir privātmāja, tādēļ ar kaimiņiem lietot vienu veļasmašīnu nav pat nācis prātā :) ","Privātmājā","Ģimenes māja","Nē","NĒ!!!!","Nē","","Nē","Nav pagaidām brīvu līdzekļu","Es apsildu māju ar dabasgāzi","Dzīvnieks ir alerģisks, jāiegādājās tāda pārtika, kas ir atbilstoša","Nedēļas nogalēs ļoti maz ceļoju ar lidmašīnu","","Es periodiski iegādājos jaunu apģērbu, ja man tas patīk","Dažādi, bet ne ar nolūku atbalstīt eko","Sieviete","41-50 gadi","Augtākā izglītība, maģistrs","No 1 501 EUR līdz 3 000 EUR","Darbinieks: Pilna slodze","Pilsēta"
"2024/02/23 9:47:47 AM GMT+2","Jā","Lietoju vairākreiz lietojamus produktus;Izmantoju produktus ar minimālo iepakojumu, bez tā vai pārstrādājamo iepakojumu (papīrs, kartons u.c.);Nepērku produktus, kurus nelietošu vai nepaspēšu izlietot laikus","Nē, es neuzskatu, ka tas ir droši","Esmu visēdājs","Samazināt savā uzturā dzīvnieku izcelsmes produktus;Ēst vairāk bioloģiskos dārzeņus un augļus;Ēst vairāk sezonālos dārzeņus un augļus;Aizstāt lielu dzīvnieku gaļu ar mazāku dzīvnieku gaļu vai zivīm","Lielu daļu no šī jau daru. Vienīgā lieta, kas būtu jauninājums ir lielāks fokuss uz sezonālajiem dārzeņiem un augļiem.","Sabiedriskais transports - autobuss, trolejbuss, tramvajs;Vilciens;Staigāju ar kājām","","","Es izvēlējos dzīvesvietu netālu no sava darba vai mācību iestādes","Ja es pērku jaunu ierīci, es atdodu savu iepriekšējo kādam citam;Es nolieku veco ierīci kādā glabājamā vietā savā mājā, garažā vai pagrabā","Es samazinu savas istabas temperatūru;Es samazinu izmantotā karstā ūdens daudzumu;Es izmantoju energoefektīvu apgaismojumu (LED);Es nomainīju visas energoietilpīgas ierīces ar energoefektīvām (A+, A un B klašu tehniku);Es žāvēju savu veļu svaigā gaisā nevis veļas žāvētājā;Es atslēdzu daudzas ierīces no rozetēm, pirms dodos prom no mājām","Ar kaimiņiem nekomunicēju, pat nezinu viņu vārdus. Dalīt ierīču lietošanu būtu jocīgi.","Dzīvoklī","","Jā","Ja būtu nepieciešams es būtu gatavs to darīt, bet nav tā, ka es to gribu darīt. (platība jau šobrīd nav īpaši liela)","Nē","Man patīk mana privātā telpa. ","Nezinu","","Es nezinu, ar ko tiek apsildīta mana māja","Man nav mājdzīvnieku","Neiekļaujos nevienā no šiem.","Personīgo transportlīdzekļa man nav, ja ceļoju mēģinu ar vilcieniem, ja tas nav iespējams/praktiski tad lidmašīnu. ","Es pērku jaunas drēbes tikai tad, kad manas vecās lietas ir saplēstas;Es pērku jaunas drēbes lietotu preču veikalā, atkārtoti izmantoju apģērbu, ja tie ir labā stāvoklī;Nēsāju vienu un to pašu apģērbu jau vairākus gadus un neplānoju tuvakajā nākotnē to mainīt","Es samazinu savu darba laiku un patēriņu precēm;Es ziedoju naudu vides aizsardzībai vai vides organizācijai","Vīrietis","Nevēlos izpaust","Augtākā izglītība, bakalaurs","Nevēlos izpaust","Darbinieks: Pilna slodze","Pilsēta"
"2024/02/23 10:27:14 AM GMT+2","Nē","Lietoju vairākreiz lietojamus produktus;Izmantoju produktus ar minimālo iepakojumu, bez tā vai pārstrādājamo iepakojumu (papīrs, kartons u.c.)","Jā, es to jau daru","Esmu visēdājs","Samazināt savā uzturā dzīvnieku izcelsmes produktus;Pāriet uz veģetāru uzturu (ja neesat veģetārietis);Ēst vairāk bioloģiskos dārzeņus un augļus;Ēst vairāk sezonālos dārzeņus un augļus;Ēst tik daudz, cik vajadzīgs cilvēka organismam, lai būtu vesels","","Personīgais transportlīdzeklis, ar kuru pats braucu;Sabiedriskais transports - autobuss, trolejbuss, tramvajs","Izmantotu kopbraukšanu (carsharing)","","Manā apkārtnē nav darba vietas vai mācību iestādes, tāpēc braucu tālu","Ja es pērku jaunu ierīci, es atdodu savu iepriekšējo kādam citam;Es nolieku veco ierīci kādā glabājamā vietā savā mājā, garažā vai pagrabā","Es izmantoju energoefektīvu apgaismojumu (LED);Es žāvēju savu veļu svaigā gaisā nevis veļas žāvētājā","","Dzīvoklī","","Nē","","Nē","","Nē","","Es apsildu māju ar dabasgāzi","Es pērku vienu lielu maisu ar barību vai izmantoju beziepakojuma pakalpojumus, nevis pērku vairākas mazas paciņas","Neviens no šiem","","Es pērku jaunas drēbes tikai tad, kad manas vecās lietas ir saplēstas;Nēsāju vienu un to pašu apģērbu jau vairākus gadus un neplānoju tuvakajā nākotnē to mainīt;Es periodiski iegādājos jaunu apģērbu, ja man tas patīk","Es neveicu darbības, lai finansiāli atbalstīto ekoloģiskos projektus","Sieviete","21-30 gadi","Augtākā izglītība, maģistrs","No 1 501 EUR līdz 3 000 EUR","Darbinieks: Pilna slodze","Pilsēta"
"2024/02/23 3:01:58 PM GMT+2","Nē","Lietoju vairākreiz lietojamus produktus","Jā, es to jau daru","Esmu visēdājs","Ēst tik daudz, cik vajadzīgs cilvēka organismam, lai būtu vesels","","Sabiedriskais transports - autobuss, trolejbuss, tramvajs;Velosipēds","Izmantotu kopbraukšanu (carsharing)","","Es izvēlējos dzīvesvietu netālu no sava darba vai mācību iestādes","Es iegādājos ierīces tikai ar ekoloģisko sertifikātu","Es samazinu izmantotā karstā ūdens daudzumu","","Dzīvoklī","","Nē","","Jau dzīvoju","","Nē","","Es nomainīju apkures sistēmu uz siltumsūkni","Pērku lētāko;Es pērku vienu lielu maisu ar barību vai izmantoju beziepakojuma pakalpojumus, nevis pērku vairākas mazas paciņas","Nedēļas nogalēs mazāk lietoju personīgo transportlīdzekli nekā darba dienās","","Es pērku jaunas drēbes katru sezonu vai tad, kad iznāk jauna kolekcija;Es pērku jaunas drēbes tikai tad, kad manas vecās lietas ir saplēstas;Nēsāju vienu un to pašu apģērbu jau vairākus gadus un neplānoju tuvakajā nākotnē to mainīt;Es periodiski iegādājos jaunu apģērbu, ja man tas patīk","Es neveicu darbības, lai finansiāli atbalstīto ekoloģiskos projektus","Vīrietis","0-20 gadi","Profesionālā izglītība","No 601 EUR līdz 1500 EUR","Students: Pilna laika studijas","Pilsēta"
"2024/02/23 3:02:55 PM GMT+2","Nē","Izmantoju produktus ar minimālo iepakojumu, bez tā vai pārstrādājamo iepakojumu (papīrs, kartons u.c.)","Nē, man nepatīk garša","Esmu visēdājs","Ēst vairāk bioloģiskos dārzeņus un augļus;Ēst vairāk sezonālos dārzeņus un augļus;Ēst tik daudz, cik vajadzīgs cilvēka organismam, lai būtu vesels","Because this kind of diet is similar to my current","Taksometrs (regulāri);Sabiedriskais transports - autobuss, trolejbuss, tramvajs","","I have no car","Es izvēlos darba vietu vai mācību iestādi netālu no savas dzīvesvietas","Es nolieku veco ierīci kādā glabājamā vietā savā mājā, garažā vai pagrabā","Es atslēdzu daudzas ierīces no rozetēm, pirms dodos prom no mājām","","Dzīvoklī","","Nē","","Jā","","Jā","","Es nezinu, ar ko tiek apsildīta mana māja","Es taisu mantiņas pats no vecām lietām, dodot tām otro dzīvību","Es dodos ceļojumā uz tuvējām pilsētām nevis uz ārzemēm","","Es pērku jaunas drēbes tikai tad, kad manas vecās lietas ir saplēstas;Nēsāju vienu un to pašu apģērbu jau vairākus gadus un neplānoju tuvakajā nākotnē to mainīt","Es neveicu darbības, lai finansiāli atbalstīto ekoloģiskos projektus","Sieviete","0-20 gadi","Profesionālā izglītība","No 601 EUR līdz 1500 EUR","Darbinieks: Pilna slodze","Nevēlos izpaust"
"2024/02/23 3:05:32 PM GMT+2","Jā","Lietoju vairākreiz lietojamus produktus;Nepērku produktus, kurus nelietošu vai nepaspēšu izlietot laikus;Kompostēju pāri palikušo ēdienu","Jā, es uzskatu, ka tas palīdz taupīt naudu","Esmu visēdājs","Ēst tik daudz, cik vajadzīgs cilvēka organismam, lai būtu vesels;Aizstāt lielu dzīvnieku gaļu ar mazāku dzīvnieku gaļu vai zivīm","veselīgāk","Personīgais transportlīdzeklis, kurā brauc vairāki cilvēki (klienti, ģimenes locekļi, draugi u.c.);Sabiedriskais transports - autobuss, trolejbuss, tramvajs;Staigāju ar kājām","Biežāk izmantotu sabiedrisko transportu","","Manā apkārtnē nav darba vietas vai mācību iestādes, tāpēc braucu tālu","Ja es pērku jaunu ierīci, es atdodu savu iepriekšējo kādam citam;Es nolieku veco ierīci kādā glabājamā vietā savā mājā, garažā vai pagrabā","Es samazinu savas istabas temperatūru;Es samazinu izmantotā karstā ūdens daudzumu;Es žāvēju savu veļu svaigā gaisā nevis veļas žāvētājā","","Privātmājā","","Jā","","Nē","","Nē","","Es nomainīju apkures sistēmu uz siltumsūkni","Es pērku vienu lielu maisu ar barību vai izmantoju beziepakojuma pakalpojumus, nevis pērku vairākas mazas paciņas","Es dodos ceļojumā uz tuvējām pilsētām nevis uz ārzemēm","","Es pērku jaunas drēbes katru sezonu vai tad, kad iznāk jauna kolekcija;Es pērku jaunas drēbes lietotu preču veikalā, atkārtoti izmantoju apģērbu, ja tie ir labā stāvoklī","Nepērkot preces, es tērēju vairāk naudas nesaistītām aktivitātēm;Es pērku preces ar īpašu akciju, kur daļa no preces cenas aiziet ziedojumam videi","Sieviete","0-20 gadi","Pamatskola","Nevēlos izpaust","skolniece","Piepilsēta"
"2024/02/23 3:11:02 PM GMT+2","Jā","Lietoju vairākreiz lietojamus produktus;Nepērku produktus, kurus nelietošu vai nepaspēšu izlietot laikus;Kompostēju pāri palikušo ēdienu","Jā, bet es papildus lietošu ūdens attīrītāju","Esmu visēdājs","Samazināt savā uzturā dzīvnieku izcelsmes produktus;Ēst vairāk bioloģiskos dārzeņus un augļus;Ēst vairāk sezonālos dārzeņus un augļus;Ēst tik daudz, cik vajadzīgs cilvēka organismam, lai būtu vesels","","Personīgais transportlīdzeklis, kurā brauc vairāki cilvēki (klienti, ģimenes locekļi, draugi u.c.);Taksometrs (regulāri);Sabiedriskais transports - autobuss, trolejbuss, tramvajs;Vilciens;Velosipēds;Staigāju ar kājām","Biežāk izmantotu sabiedrisko transportu","","Es izvēlos darba vietu vai mācību iestādi netālu no savas dzīvesvietas","Es pērku ierīces ar nelielu defektu vai bojājumu, salaboju to un lietoju;Ja es pērku jaunu ierīci, es atdodu savu iepriekšējo kādam citam;Es nolieku veco ierīci kādā glabājamā vietā savā mājā, garažā vai pagrabā","Es samazinu savas istabas temperatūru;Es samazinu izmantotā karstā ūdens daudzumu;Es izmantoju energoefektīvu apgaismojumu (LED);Es žāvēju savu veļu svaigā gaisā nevis veļas žāvētājā;Es atslēdzu daudzas ierīces no rozetēm, pirms dodos prom no mājām","Neerti izmantot kaut ki kopīgo ar kaimiņiem","Dzīvoklī","","Nē","","Nē","","Jā","","Es nomainīju apkures sistēmu uz siltumsūkni","Es iegādājos to barību, kurai ir vismazāk CO2 pēdu;Es izmantoju tikai videi draudzīgu tualetes pildījumu","Nedēļas nogalēs mazāk lietoju personīgo transportlīdzekli nekā darba dienās","","Es pērku jaunas drēbes tikai tad, kad manas vecās lietas ir saplēstas;Es pērku jaunas drēbes lietotu preču veikalā, atkārtoti izmantoju apģērbu, ja tie ir labā stāvoklī;Pērku nedaudz deformētas vai bojātas lietas, salaboju un nēsāju;Nēsāju vienu un to pašu apģērbu jau vairākus gadus un neplānoju tuvakajā nākotnē to mainīt;Es periodiski iegādājos jaunu apģērbu, ja man tas patīk","Es samazinu savu darba laiku un patēriņu precēm;Nepērkot preces, es tērēju vairāk naudas nesaistītām aktivitātēm","Sieviete","0-20 gadi","Pamatskola","Nevēlos izpaust","Bezdarbnieks","Pilsēta"
"2024/02/23 3:11:56 PM GMT+2","Jā","Lietoju vairākreiz lietojamus produktus;Izmantoju produktus ar minimālo iepakojumu, bez tā vai pārstrādājamo iepakojumu (papīrs, kartons u.c.);Nepērku produktus, kurus nelietošu vai nepaspēšu izlietot laikus;Kompostēju pāri palikušo ēdienu","Jā, es to jau daru","Esmu visēdājs","Ēst vairāk bioloģiskos dārzeņus un augļus;Ēst vairāk sezonālos dārzeņus un augļus;Ēst tik daudz, cik vajadzīgs cilvēka organismam, lai būtu vesels;Aizstāt lielu dzīvnieku gaļu ar mazāku dzīvnieku gaļu vai zivīm","","Personīgais transportlīdzeklis, ar kuru pats braucu;Personīgais transportlīdzeklis, kurā brauc vairāki cilvēki (klienti, ģimenes locekļi, draugi u.c.);Sabiedriskais transports - autobuss, trolejbuss, tramvajs;Vilciens;Staigāju ar kājām","Iegādātos mazāku automašīnu;Izmantotu kopbraukšanu (carsharing);Biežāk izmantotu sabiedrisko transportu","","Es izvēlos darba vietu vai mācību iestādi netālu no savas dzīvesvietas","Ja es pērku jaunu ierīci, es atdodu savu iepriekšējo kādam citam;Es iegādājos ierīces tikai ar ekoloģisko sertifikātu;Es nolieku veco ierīci kādā glabājamā vietā savā mājā, garažā vai pagrabā","Es samazinu izmantotā karstā ūdens daudzumu;Es izmantoju energoefektīvu apgaismojumu (LED);Es žāvēju savu veļu svaigā gaisā nevis veļas žāvētājā","","Dzīvoklī","","Nē","Lieka platība var noderēt dažādiem mērķiem, piemēram, viesu izmitināšanai, mājas biroja ierīkošanai, hobiju telpas izveidei vai vienkārši kā vieta, kur atpūsties un relaksēties.","Nē","Koplietojamā mājoklī man nebūtu tik daudz privātuma, kā es vēlētos. Man būtu jādalās koplietojamo telpu ar citiem iedzīvotājiem, un man nebūtu savas personīgās telpas, kur es varētu atpūsties un relaksēties.","Jā","","Es nomainīju apkures sistēmu uz siltumsūkni","Es pērku vienu lielu maisu ar barību vai izmantoju beziepakojuma pakalpojumus, nevis pērku vairākas mazas paciņas","Nedēļas nogalēs ļoti maz ceļoju ar lidmašīnu","Lidojumi var būt dārgi, īpaši, ja tos rezervējat pēdējā brīdī. Nedēļas nogales lidojumi bieži vien ir dārgāki nekā lidojumi darba dienās.","Es pērku jaunas drēbes tikai tad, kad manas vecās lietas ir saplēstas;Es periodiski iegādājos jaunu apģērbu, ja man tas patīk","Es samazinu savu darba laiku un patēriņu precēm;Es pērku preces ar īpašu akciju, kur daļa no preces cenas aiziet ziedojumam videi","Vīrietis","0-20 gadi","Vidusskola","No 601 EUR līdz 1500 EUR","Darbinieks: Daļslodze","Pilsēta"
"2024/02/23 3:12:34 PM GMT+2","Jā","Nepērku produktus, kurus nelietošu vai nepaspēšu izlietot laikus;Kompostēju pāri palikušo ēdienu","Jā, bet es papildus lietošu ūdens attīrītāju","Esmu visēdājs","Samazināt savā uzturā dzīvnieku izcelsmes produktus;Ēst vairāk bioloģiskos dārzeņus un augļus;Ēst vairāk sezonālos dārzeņus un augļus;Ēst tik daudz, cik vajadzīgs cilvēka organismam, lai būtu vesels","","Sabiedriskais transports - autobuss, trolejbuss, tramvajs","","","Es izvēlos darba vietu vai mācību iestādi netālu no savas dzīvesvietas","Ja es pērku jaunu ierīci, es atdodu savu iepriekšējo kādam citam","Es izmantoju energoefektīvu apgaismojumu (LED);Es žāvēju savu veļu svaigā gaisā nevis veļas žāvētājā;Es atslēdzu daudzas ierīces no rozetēm, pirms dodos prom no mājām","","Dzīvoklī","","Jā","jo tas ir","Jā","jo man nav nekadas problēmas dzivojot ar citiem cilvēkiem, īpaši, ja tā ir vieglāk visiem","Jā","nav nepieciešamības","Es nezinu, ar ko tiek apsildīta mana māja","Es pērku vienu lielu maisu ar barību vai izmantoju beziepakojuma pakalpojumus, nevis pērku vairākas mazas paciņas","Nedēļas nogalēs mazāk lietoju personīgo transportlīdzekli nekā darba dienās","jo vairāk pavadu laiku majās","Es pērku jaunas drēbes tikai tad, kad manas vecās lietas ir saplēstas;Es pērku jaunas drēbes lietotu preču veikalā, atkārtoti izmantoju apģērbu, ja tie ir labā stāvoklī;Es periodiski iegādājos jaunu apģērbu, ja man tas patīk","Es pērku preces ar īpašu akciju, kur daļa no preces cenas aiziet ziedojumam videi","Sieviete","0-20 gadi","Pamatskola","Nevēlos izpaust","Students: Pilna laika studijas","Pilsēta"
"2024/02/23 3:14:05 PM GMT+2","Nē","Neuzskatu, ka tas ir nepieciešams","Nē, es neuzskatu, ka tas ir droši","Esmu visēdājs","Nē, neviens no šiem variantiem nešķiet piemērots","","Personīgais transportlīdzeklis, kurā brauc vairāki cilvēki (klienti, ģimenes locekļi, draugi u.c.);Sabiedriskais transports - autobuss, trolejbuss, tramvajs;Staigāju ar kājām","Neesmu automašīnas īpašnieks","","Es izvēlos darba vietu vai mācību iestādi netālu no savas dzīvesvietas","Es nolieku veco ierīci kādā glabājamā vietā savā mājā, garažā vai pagrabā","Es nedaru neko no minētā","","Dzīvoklī","","Nē","","Jau dzīvoju","","Jā","","Es nezinu, ar ko tiek apsildīta mana māja","Man nav mājdzīvnieku","Nekas no iepriekš minēta ","","Es periodiski iegādājos jaunu apģērbu, ja man tas patīk","Es neveicu darbības, lai finansiāli atbalstīto ekoloģiskos projektus","Nevēlos izpaust","0-20 gadi","Pamatskola","Nevēlos izpaust","Students: Pilna laika studijas","Pilsēta"
"2024/02/23 3:32:22 PM GMT+2","Nē","Izmantoju produktus ar minimālo iepakojumu, bez tā vai pārstrādājamo iepakojumu (papīrs, kartons u.c.);Nepērku produktus, kurus nelietošu vai nepaspēšu izlietot laikus","Jā, bet es papildus lietošu ūdens attīrītāju","Esmu visēdājs","Samazināt savā uzturā dzīvnieku izcelsmes produktus;Pāriet uz veģetāru uzturu (ja neesat veģetārietis);Ēst vairāk bioloģiskos dārzeņus un augļus;Ēst vairāk sezonālos dārzeņus un augļus;Ēst tik daudz, cik vajadzīgs cilvēka organismam, lai būtu vesels;Aizstāt lielu dzīvnieku gaļu ar mazāku dzīvnieku gaļu vai zivīm","","Personīgais transportlīdzeklis, kurā brauc vairāki cilvēki (klienti, ģimenes locekļi, draugi u.c.);Sabiedriskais transports - autobuss, trolejbuss, tramvajs;Velosipēds;Staigāju ar kājām","","","Es izvēlos darba vietu vai mācību iestādi netālu no savas dzīvesvietas","Ja es pērku jaunu ierīci, es atdodu savu iepriekšējo kādam citam;Es nolieku veco ierīci kādā glabājamā vietā savā mājā, garažā vai pagrabā","Es samazinu izmantotā karstā ūdens daudzumu;Es izmantoju energoefektīvu apgaismojumu (LED);Es atslēdzu daudzas ierīces no rozetēm, pirms dodos prom no mājām","","Privātmājā","","Nē","","Nē","","Jā","","Es nezinu, ar ko tiek apsildīta mana māja","Es pērku vienu lielu maisu ar barību vai izmantoju beziepakojuma pakalpojumus, nevis pērku vairākas mazas paciņas;Es taisu mantiņas pats no vecām lietām, dodot tām otro dzīvību","Es dodos ceļojumā uz tuvējām pilsētām nevis uz ārzemēm","","Es pērku jaunas drēbes tikai tad, kad manas vecās lietas ir saplēstas;Nēsāju vienu un to pašu apģērbu jau vairākus gadus un neplānoju tuvakajā nākotnē to mainīt;Es periodiski iegādājos jaunu apģērbu, ja man tas patīk","Es neveicu darbības, lai finansiāli atbalstīto ekoloģiskos projektus","Sieviete","0-20 gadi","Pamatskola","No 601 EUR līdz 1500 EUR","Students: Pilna laika studijas","Pilsēta"
"2024/02/23 3:35:38 PM GMT+2","Jā","Izmantoju produktus ar minimālo iepakojumu, bez tā vai pārstrādājamo iepakojumu (papīrs, kartons u.c.)","Jā, es to jau daru","Esmu visēdājs","Ēst tik daudz, cik vajadzīgs cilvēka organismam, lai būtu vesels","","Personīgais transportlīdzeklis, ar kuru pats braucu","Iegādātos mazāku automašīnu","","Es strādāju attālināti","Ja es pērku jaunu ierīci, es atdodu savu iepriekšējo kādam citam","Es izmantoju energoefektīvu apgaismojumu (LED);Es nomainīju visas energoietilpīgas ierīces ar energoefektīvām (A+, A un B klašu tehniku)","","Dzīvoklī","","Nē","","Nē","","Jā","","Es nomainīju apkures sistēmu uz siltumsūkni","Man nav mājdzīvnieku","Es dodos ceļojumā uz tuvējām pilsētām nevis uz ārzemēm","","Es pērku jaunas drēbes tikai tad, kad manas vecās lietas ir saplēstas","Es pērku preces ar īpašu akciju, kur daļa no preces cenas aiziet ziedojumam videi","Vīrietis","41-50 gadi","Augtākā izglītība, bakalaurs","No 601 EUR līdz 1500 EUR","Pašnodarbināts","Pilsēta"
"2024/02/23 3:45:00 PM GMT+2","Jā","Lietoju vairākreiz lietojamus produktus;Nepērku produktus, kurus nelietošu vai nepaspēšu izlietot laikus","Jā, bet es papildus lietošu ūdens attīrītāju","Esmu visēdājs","Samazināt savā uzturā dzīvnieku izcelsmes produktus;Pāriet uz veģetāru uzturu (ja neesat veģetārietis);Aizstāt lielu dzīvnieku gaļu ar mazāku dzīvnieku gaļu vai zivīm","","Sabiedriskais transports - autobuss, trolejbuss, tramvajs","","","Es izvēlējos dzīvesvietu netālu no sava darba vai mācību iestādes","Es iegādājos ierīces tikai ar ekoloģisko sertifikātu;Es nolieku veco ierīci kādā glabājamā vietā savā mājā, garažā vai pagrabā","Es samazinu izmantotā karstā ūdens daudzumu;Es izmantoju energoefektīvu apgaismojumu (LED);Es žāvēju savu veļu svaigā gaisā nevis veļas žāvētājā","","Dzīvoklī","","Jā","","Nē","","Nē","","Es apsildu māju ar elektroenerģiju","Man nav mājdzīvnieku","Nedēļas nogalēs mazāk lietoju personīgo transportlīdzekli nekā darba dienās","","Es pērku jaunas drēbes tikai tad, kad manas vecās lietas ir saplēstas;Es periodiski iegādājos jaunu apģērbu, ja man tas patīk","Es neveicu darbības, lai finansiāli atbalstīto ekoloģiskos projektus","Sieviete","21-30 gadi","Vidusskola","No 601 EUR līdz 1500 EUR","Darbinieks: Pilna slodze","Pilsēta"
"2024/02/23 4:07:40 PM GMT+2","Nē","Neuzskatu, ka tas ir nepieciešams","Nav relevanti, es gan dzeru ūdeni no krāna, gan citu","Esmu visēdājs","Ēst vairāk bioloģiskos dārzeņus un augļus;Ēst vairāk sezonālos dārzeņus un augļus;Ēst tik daudz, cik vajadzīgs cilvēka organismam, lai būtu vesels","Es gribu normāli ēst un dzert, uzturvielu daudzums gaļas produktos nevar kompensēt ar veģetāro diētu ","Personīgais transportlīdzeklis, ar kuru pats braucu;Personīgais transportlīdzeklis, kurā brauc vairāki cilvēki (klienti, ģimenes locekļi, draugi u.c.);Sabiedriskais transports - autobuss, trolejbuss, tramvajs;Velosipēds;Staigāju ar kājām","Izmantotu kopbraukšanu (carsharing);Parastās automašīnas vietā iegādātos elektromašīnu;Ja tikai būtu nauda uz kaut kādu mašīnu... ","Sabiedriskais transports nav uzticams vietā kur es dzīvoju ","Es izvēlos darba vietu vai mācību iestādi netālu no savas dzīvesvietas","Es nolieku veco ierīci kādā glabājamā vietā savā mājā, garažā vai pagrabā;Izmantoju vecās ierīces eksperimentējot ar tiem","Es samazinu savas istabas temperatūru;Es samazinu izmantotā karstā ūdens daudzumu;Es izmantoju energoefektīvu apgaismojumu (LED);Es atslēdzu daudzas ierīces no rozetēm, pirms dodos prom no mājām","Common sense","Dzīvoklī","","Nē","Jo es negribu","Nē","Jo es negribu","Wdym","","Es apsildu māju ar dabasgāzi","Man nav mājdzīvnieku","Kādi ceļojumi? ","","Nēsāju vienu un to pašu apģērbu jau vairākus gadus un neplānoju tuvakajā nākotnē to mainīt;Es periodiski iegādājos jaunu apģērbu, ja man tas patīk","Es neveicu darbības, lai finansiāli atbalstīto ekoloģiskos projektus","Vīrietis","0-20 gadi","Vidusskola","No 601 EUR līdz 1500 EUR","Students: Pilna laika studijas","Piepilsēta"
"2024/02/23 4:48:23 PM GMT+2","Nē","Neuzskatu, ka tas ir nepieciešams","Jā, bet es papildus lietošu ūdens attīrītāju","Esmu visēdājs","Nē, neviens no šiem variantiem nešķiet piemērots","Jo man patīk mans dzīvesveids ","Sabiedriskais transports - autobuss, trolejbuss, tramvajs","","man nav mašīnas","Manā apkārtnē nav darba vietas vai mācību iestādes, tāpēc braucu tālu","Es nolieku veco ierīci kādā glabājamā vietā savā mājā, garažā vai pagrabā","Es nedaru neko no minētā","jo es pateru nedaudz elektroenerģijas ","Dzīvoklī","","Nē","","Nē","","Nē","","Es nezinu, ar ko tiek apsildīta mana māja","Man nav mājdzīvnieku","Nedēļas nogalēs mazāk lietoju personīgo transportlīdzekli nekā darba dienās","","Es pērku jaunas drēbes tikai tad, kad manas vecās lietas ir saplēstas","Es neveicu darbības, lai finansiāli atbalstīto ekoloģiskos projektus","Vīrietis","21-30 gadi","Augtākā izglītība, bakalaurs","No 601 EUR līdz 1500 EUR","Darbinieks: Daļslodze","Pilsēta"
"2024/02/23 5:11:16 PM GMT+2","Jā","Lietoju vairākreiz lietojamus produktus;Izmantoju produktus ar minimālo iepakojumu, bez tā vai pārstrādājamo iepakojumu (papīrs, kartons u.c.);Nepērku produktus, kurus nelietošu vai nepaspēšu izlietot laikus","Jā, es uzskatu, ka tas palīdz taupīt naudu","Esmu visēdājs","Ēst vairāk bioloģiskos dārzeņus un augļus;Ēst vairāk sezonālos dārzeņus un augļus;Ēst tik daudz, cik vajadzīgs cilvēka organismam, lai būtu vesels","Vispirms ea rūpjos par savu veselību, tāpēc es balansēju starp dārzeniem un dzīvniekunproduktiem un apēdu tik daudz, cik mans ķermenis prasa","Personīgais transportlīdzeklis, kurā brauc vairāki cilvēki (klienti, ģimenes locekļi, draugi u.c.);Sabiedriskais transports - autobuss, trolejbuss, tramvajs;Staigāju ar kājām","","Esmu automašīnas iemīļotājs un mīļu katru no mašīnam","Manā apkārtnē nav darba vietas vai mācību iestādes, tāpēc braucu tālu","Es vienkārši izmetu savu veco ierīci;Es nolieku veco ierīci kādā glabājamā vietā savā mājā, garažā vai pagrabā","Es izmantoju energoefektīvu apgaismojumu (LED);Es nomainīju visas energoietilpīgas ierīces ar energoefektīvām (A+, A un B klašu tehniku)","","Dzīvoklī","","Nē","Nekad nezini, kad tā būtu bajadzīga.","Jā","Būs lētāks","Jā","","Es nezinu, ar ko tiek apsildīta mana māja","Man nav mājdzīvnieku","Nedēļas nogalēs ļoti maz ceļoju ar lidmašīnu","","Es periodiski iegādājos jaunu apģērbu, ja man tas patīk","Es pērku preces ar īpašu akciju, kur daļa no preces cenas aiziet ziedojumam videi","Vīrietis","0-20 gadi","Vidusskola","Mazāk par 600 EUR","Darbinieks: Daļslodze","Pilsēta"
"2024/02/23 5:22:43 PM GMT+2","Nē","Kompostēju pāri palikušo ēdienu","Ūdens kvalitāte neatbilstoša urbuma ūdenim","Esmu vegāns","Ēst vairāk sezonālos dārzeņus un augļus;Ēst tik daudz, cik vajadzīgs cilvēka organismam, lai būtu vesels","Sezonālie dārzeņi pieejami Latvijā, lētāka transportēšana līdz patērētājam","Personīgais transportlīdzeklis, ar kuru pats braucu;Velosipēds;Staigāju ar kājām","Neko namainīšu, mans auto labākais auto dubļainiem ceļiem","Lasīt iepriekšējo atbildi","Es strādāju hibrīdi (gan klātienē, gan attālināti)","Es iegādājos ierīces tikai ar ekoloģisko sertifikātu;Es vienkārši izmetu savu veco ierīci","Es izmantoju energoefektīvu apgaismojumu (LED)","","Privātmājā","Ērti, nav kaimiņi aiz sienas","Jā","Man patīk Tiny house koncepts. Visa kā vajag mazāk lai uzturētu to.","Nē","Nekāda koplietošana-tikai savs!!","Jā","","Apsildu ar malku","Es pērku vienu lielu maisu ar barību vai izmantoju beziepakojuma pakalpojumus, nevis pērku vairākas mazas paciņas","Sēžu mājās, skatos Netflix","Tāpēc, ka slinkums kaut kur kustēties","Es pērku jaunas drēbes tikai tad, kad manas vecās lietas ir saplēstas;Es pērku jaunas drēbes lietotu preču veikalā, atkārtoti izmantoju apģērbu, ja tie ir labā stāvoklī;Nēsāju vienu un to pašu apģērbu jau vairākus gadus un neplānoju tuvakajā nākotnē to mainīt;Es periodiski iegādājos jaunu apģērbu, ja man tas patīk;Es nepērku drēbes, man tās dod bez maksas","Nepērkot preces, es tērēju vairāk naudas nesaistītām aktivitātēm","Sieviete","51-60 gadi","Augtākā izglītība, maģistrs","No 1 501 EUR līdz 3 000 EUR","Darbinieks: Pilna slodze","Piepilsēta"
"2024/02/23 5:48:20 PM GMT+2","Jā","Izmantoju produktus ar minimālo iepakojumu, bez tā vai pārstrādājamo iepakojumu (papīrs, kartons u.c.);Nepērku produktus, kurus nelietošu vai nepaspēšu izlietot laikus","Nē, es neuzskatu, ka tas ir droši","Esmu visēdājs","Ēst vairāk sezonālos dārzeņus un augļus;Ēst tik daudz, cik vajadzīgs cilvēka organismam, lai būtu vesels","","Sabiedriskais transports - autobuss, trolejbuss, tramvajs;Vilciens;Velosipēds;Staigāju ar kājām","","","Es izvēlējos dzīvesvietu netālu no sava darba vai mācību iestādes","Ja es pērku jaunu ierīci, es atdodu savu iepriekšējo kādam citam;Es vienkārši izmetu savu veco ierīci","Es izmantoju energoefektīvu apgaismojumu (LED)","","Dzīvoklī","","Nē","","Nē","","Jā","","Es uzstādīju saules paneļus;Es apsildu māju ar elektroenerģiju","Pērku lētāko","Nedēļas nogalēs mazāk lietoju personīgo transportlīdzekli nekā darba dienās","","Es pērku jaunas drēbes tikai tad, kad manas vecās lietas ir saplēstas;Es pērku jaunas drēbes lietotu preču veikalā, atkārtoti izmantoju apģērbu, ja tie ir labā stāvoklī","Es samazinu savu darba laiku un patēriņu precēm","Vīrietis","21-30 gadi","Vidusskola","No 601 EUR līdz 1500 EUR","Darbinieks: Pilna slodze","Pilsēta"
"2024/02/23 6:18:37 PM GMT+2","Jā","Lietoju vairākreiz lietojamus produktus;Nepērku produktus, kurus nelietošu vai nepaspēšu izlietot laikus","Jā, es to jau daru","Esmu visēdājs","Nē, neviens no šiem variantiem nešķiet piemērots","Es jau tā knapi ēdu. Ja vel sākšu aizvietot ēdienu, tad tikai palikšu pie savas čiabatas. ","Vilciens;Velosipēds;Staigāju ar kājām","","","Es nestrādāju","Es pērku ierīces ar nelielu defektu vai bojājumu, salaboju to un lietoju;Ja es pērku jaunu ierīci, es atdodu savu iepriekšējo kādam citam;Es nolieku veco ierīci kādā glabājamā vietā savā mājā, garažā vai pagrabā","Es samazinu savas istabas temperatūru;Es izmantoju energoefektīvu apgaismojumu (LED)","Dzīvoju privātmājā. Nejūtos ērti ar kaimiņiem izmantot kopīgas ierīces.","Privātmājā","Es dzīvoju ar vecākiem.","Nē","","Nē","Man jau pietiek ar to, ka draugiem kaimiņi pa sienām sit. Var dzīrdēt caur sienām kā kaimiņi pārguļ.","Jā","","Es nomainīju apkures sistēmu uz siltumsūkni;Es apsildu māju ar dabasgāzi","Es pērku vienu lielu maisu ar barību vai izmantoju beziepakojuma pakalpojumus, nevis pērku vairākas mazas paciņas","Es nedodos atvaļinājumos, jo man nav darba.","Man nav darba.","Es nepērku drēbes. Izmantoju viņas jau kuro gadu. Man nepatīk veikalos iet.","Nepērkot preces, es tērēju vairāk naudas nesaistītām aktivitātēm","Vīrietis","0-20 gadi","Vidusskola","No 1 501 EUR līdz 3 000 EUR","Bezdarbnieks","Pilsēta"
"2024/02/23 6:32:48 PM GMT+2","Nē","Ir svarigi bet nedaru","Jā, es to jau daru","Esmu visēdājs","Ēst vairāk bioloģiskos dārzeņus un augļus;Ēst vairāk sezonālos dārzeņus un augļus;Ēst tik daudz, cik vajadzīgs cilvēka organismam, lai būtu vesels","tas ir vieglakais veids prieks manis ka es varu samazinat dabas piesainojumu","Personīgais transportlīdzeklis, ar kuru pats braucu","Biežāk izmantotu sabiedrisko transportu","parak liela sevis upuresana","Es strādāju hibrīdi (gan klātienē, gan attālināti)","Ja es pērku jaunu ierīci, es atdodu savu iepriekšējo kādam citam","Es atslēdzu daudzas ierīces no rozetēm, pirms dodos prom no mājām","prasa parak daudz effort","Dzīvoklī","saistita ar financem","Nē","man ir komfortabli dzivot plasa majokli","Nē","nevelos dalit ar kadu savu privato teritoriju","nezinu","","Es nezinu, ar ko tiek apsildīta mana māja","Man nav mājdzīvnieku","Nedēļas nogalēs mazāk lietoju personīgo transportlīdzekli nekā darba dienās","","Es pērku jaunas drēbes lietotu preču veikalā, atkārtoti izmantoju apģērbu, ja tie ir labā stāvoklī","Es neveicu darbības, lai finansiāli atbalstīto ekoloģiskos projektus","Sieviete","0-20 gadi","","No 601 EUR līdz 1500 EUR","Darbinieks: Pilna slodze","Pilsēta"
"2024/02/23 6:39:01 PM GMT+2","Jā","Izmantoju produktus ar minimālo iepakojumu, bez tā vai pārstrādājamo iepakojumu (papīrs, kartons u.c.);Nepērku produktus, kurus nelietošu vai nepaspēšu izlietot laikus","Jā, es to jau daru","Esmu visēdājs","Samazināt savā uzturā dzīvnieku izcelsmes produktus;Ēst vairāk bioloģiskos dārzeņus un augļus;Aizstāt lielu dzīvnieku gaļu ar mazāku dzīvnieku gaļu vai zivīm","","Taksometrs (regulāri);Sabiedriskais transports - autobuss, trolejbuss, tramvajs;Vilciens;Velosipēds;Staigāju ar kājām","Iegādātos mazāku automašīnu","","Es izvēlos darba vietu vai mācību iestādi netālu no savas dzīvesvietas","Ja es pērku jaunu ierīci, es atdodu savu iepriekšējo kādam citam","Es žāvēju savu veļu svaigā gaisā nevis veļas žāvētājā;Es atslēdzu daudzas ierīces no rozetēm, pirms dodos prom no mājām","","Dzīvoklī","","Nē","","Jā","","Jā","","Es nezinu, ar ko tiek apsildīta mana māja","Es pērku vienu lielu maisu ar barību vai izmantoju beziepakojuma pakalpojumus, nevis pērku vairākas mazas paciņas","Nedēļas nogalēs ļoti maz ceļoju ar lidmašīnu","","Es pērku jaunas drēbes katru sezonu vai tad, kad iznāk jauna kolekcija","Es pērku preces ar īpašu akciju, kur daļa no preces cenas aiziet ziedojumam videi","Sieviete","0-20 gadi","Vidusskola","No 1 501 EUR līdz 3 000 EUR","Darbinieks: Daļslodze","Pilsēta"
"2024/02/23 6:50:30 PM GMT+2","Nē","Izmantoju produktus ar minimālo iepakojumu, bez tā vai pārstrādājamo iepakojumu (papīrs, kartons u.c.)","Jā, es to jau daru","Esmu visēdājs","Ēst vairāk sezonālos dārzeņus un augļus","Sezonālo, jo vēlos ieviest dažādību savā uzturā.","Taksometrs (regulāri);Sabiedriskais transports - autobuss, trolejbuss, tramvajs;Vilciens","Biežāk izmantotu sabiedrisko transportu","","Manā apkārtnē nav darba vietas vai mācību iestādes, tāpēc braucu tālu","Ja es pērku jaunu ierīci, es atdodu savu iepriekšējo kādam citam","Es samazinu savas istabas temperatūru;Es samazinu izmantotā karstā ūdens daudzumu;Es nomainīju visas energoietilpīgas ierīces ar energoefektīvām (A+, A un B klašu tehniku);Es žāvēju savu veļu svaigā gaisā nevis veļas žāvētājā;Es atslēdzu daudzas ierīces no rozetēm, pirms dodos prom no mājām","","Dzīvoklī","","Jā","Jo liekā platība varētu tikt izmantota lietderīgāk.","Nē","Jo man ir nepieciešama sava vide, sava kārtība.","Jā","","Es nezinu, ar ko tiek apsildīta mana māja","Man nav mājdzīvnieku","Es dodos ceļojumā uz tuvējām pilsētām nevis uz ārzemēm","Finanšu dēļ.","Es pērku jaunas drēbes lietotu preču veikalā, atkārtoti izmantoju apģērbu, ja tie ir labā stāvoklī;Es periodiski iegādājos jaunu apģērbu, ja man tas patīk","Es neveicu darbības, lai finansiāli atbalstīto ekoloģiskos projektus","Sieviete","0-20 gadi","Augtākā izglītība, bakalaurs","No 1 501 EUR līdz 3 000 EUR","Students: Pilna laika studijas","Pilsēta"
"2024/02/23 7:22:51 PM GMT+2","Nē","Kompostēju pāri palikušo ēdienu","Nē, es neuzskatu, ka tas ir droši","Esmu visēdājs","Ēst vairāk bioloģiskos dārzeņus un augļus;Ēst vairāk sezonālos dārzeņus un augļus;Ēst tik daudz, cik vajadzīgs cilvēka organismam, lai būtu vesels","Vēlos pieņemties svarā","Personīgais transportlīdzeklis, kurā brauc vairāki cilvēki (klienti, ģimenes locekļi, draugi u.c.);Sabiedriskais transports - autobuss, trolejbuss, tramvajs;Vilciens;Velosipēds;Staigāju ar kājām","","nav mašīnas","Es strādāju attālināti","Es nolieku veco ierīci kādā glabājamā vietā savā mājā, garažā vai pagrabā","Es samazinu savas istabas temperatūru;Es samazinu izmantotā karstā ūdens daudzumu;Es izmantoju energoefektīvu apgaismojumu (LED);Es žāvēju savu veļu svaigā gaisā nevis veļas žāvētājā","","Privātmājā","","Nē","Var izmantot","Jā","Draudzība","Jā","","Es uzstādīju saules paneļus;Es nezinu, ar ko tiek apsildīta mana māja","Man nav mājdzīvnieku","Es dodos atvaļinājumā ar automašīnu nevis lidmašīnu","Kā kuru reizi","Es pērku jaunas drēbes lietotu preču veikalā, atkārtoti izmantoju apģērbu, ja tie ir labā stāvoklī;Nēsāju vienu un to pašu apģērbu jau vairākus gadus un neplānoju tuvakajā nākotnē to mainīt;Es periodiski iegādājos jaunu apģērbu, ja man tas patīk","Es neveicu darbības, lai finansiāli atbalstīto ekoloģiskos projektus","Vīrietis","0-20 gadi","Profesionālā izglītība","No 1 501 EUR līdz 3 000 EUR","Pašnodarbināts","Pilsēta"
"2024/02/23 7:23:43 PM GMT+2","Jā","Lietoju vairākreiz lietojamus produktus;Nepērku produktus, kurus nelietošu vai nepaspēšu izlietot laikus","Jā, bet es papildus lietošu ūdens attīrītāju","Esmu visēdājs","Ēst vairāk bioloģiskos dārzeņus un augļus;Ēst vairāk sezonālos dārzeņus un augļus;Ēst tik daudz, cik vajadzīgs cilvēka organismam, lai būtu vesels","Nē ","Personīgais transportlīdzeklis, ar kuru pats braucu;Personīgais transportlīdzeklis, kurā brauc vairāki cilvēki (klienti, ģimenes locekļi, draugi u.c.);Sabiedriskais transports - autobuss, trolejbuss, tramvajs;Vilciens;Velosipēds;Staigāju ar kājām","Biežāk izmantotu sabiedrisko transportu","","Man skola ir netālu, tāpēc eju ar kājām ","Es nolieku veco ierīci kādā glabājamā vietā savā mājā, garažā vai pagrabā","Es samazinu savas istabas temperatūru;Es žāvēju savu veļu svaigā gaisā nevis veļas žāvētājā","","Dzīvoklī","","Nē","","Nē","","Jā","","Es nezinu, ar ko tiek apsildīta mana māja","Es pērku vienu lielu maisu ar barību vai izmantoju beziepakojuma pakalpojumus, nevis pērku vairākas mazas paciņas","Nedēļas nogalēs ļoti maz ceļoju ar lidmašīnu","","Es pērku jaunas drēbes tikai tad, kad manas vecās lietas ir saplēstas;Es periodiski iegādājos jaunu apģērbu, ja man tas patīk","Es neveicu darbības, lai finansiāli atbalstīto ekoloģiskos projektus","Vīrietis","0-20 gadi","Vidusskola","No 601 EUR līdz 1500 EUR","Students: Pilna laika studijas","Piepilsēta"
"2024/02/23 7:32:31 PM GMT+2","Jā","Lietoju vairākreiz lietojamus produktus;Nepērku produktus, kurus nelietošu vai nepaspēšu izlietot laikus;Kompostēju pāri palikušo ēdienu","Nē, es neuzskatu, ka tas ir droši","Esmu visēdājs","Ēst vairāk bioloģiskos dārzeņus un augļus;Ēst vairāk sezonālos dārzeņus un augļus","Ēst augļus, jo tas var veicināt veselīgāku dzīves veidu.","Sabiedriskais transports - autobuss, trolejbuss, tramvajs","","","Manā apkārtnē nav darba vietas vai mācību iestādes, tāpēc braucu tālu","Es nolieku veco ierīci kādā glabājamā vietā savā mājā, garažā vai pagrabā","Es izmantoju energoefektīvu apgaismojumu (LED);Es žāvēju savu veļu svaigā gaisā nevis veļas žāvētājā;Es atslēdzu daudzas ierīces no rozetēm, pirms dodos prom no mājām","","Privātmājā","Privātmājā nav skaļu kaimiņu, tuvāk dabai.","Nē","Būs vairāk vietas","Nē","Nepatīk kaimiņi, kas uzraudzītu, ko es daru.","Nē","Mājā nebija ieviesta apsiltināšana","Kurinu ar malku","Pērku lētāko;Es pērku vienu lielu maisu ar barību vai izmantoju beziepakojuma pakalpojumus, nevis pērku vairākas mazas paciņas","Nedodos ceļojumos","Laiks un budžets","Es pērku jaunas drēbes tikai tad, kad manas vecās lietas ir saplēstas;Es periodiski iegādājos jaunu apģērbu, ja man tas patīk","Es neveicu darbības, lai finansiāli atbalstīto ekoloģiskos projektus","Vīrietis","21-30 gadi","Vidusskola","No 601 EUR līdz 1500 EUR","Students: Pilna laika studijas","Lauki"
"2024/02/23 7:42:00 PM GMT+2","Jā","Kompostēju pāri palikušo ēdienu","Jā, es uzskatu, ka tas palīdz taupīt naudu","Esmu visēdājs","Ēst vairāk sezonālos dārzeņus un augļus;Ēst tik daudz, cik vajadzīgs cilvēka organismam, lai būtu vesels;Aizstāt lielu dzīvnieku gaļu ar mazāku dzīvnieku gaļu vai zivīm","Dzīvoju privātmājā ar lielu dārzu un mēs vasaras laikā saražojam pietiekamības daudz dārzeņus, lai pietiktu ziemai un rudenim. Tāpat ar saldajiem dzērieniem, paši spiežam ābolu sulu, kā arī taisam ķiršu un cidoniju sīrupus, kas aizvieto kolu,fanta utt. Ēst zivis,jo tās ir vienkārši garšīgas.","Personīgais transportlīdzeklis, kurā brauc vairāki cilvēki (klienti, ģimenes locekļi, draugi u.c.);Sabiedriskais transports - autobuss, trolejbuss, tramvajs;Vilciens;Velosipēds;Staigāju ar kājām","Biežāk izmantotu sabiedrisko transportu","Elektromasina pārāk dārga un ne vienmēr ridesharing var savākt pilnu mašīnu ar cilvēkiem, lai tas būtu saudzīgi videi.","Es izvēlos darba vietu vai mācību iestādi netālu no savas dzīvesvietas","Ja es pērku jaunu ierīci, es atdodu savu iepriekšējo kādam citam","Es izmantoju energoefektīvu apgaismojumu (LED);Es nomainīju visas energoietilpīgas ierīces ar energoefektīvām (A+, A un B klašu tehniku);Es žāvēju savu veļu svaigā gaisā nevis veļas žāvētājā;Es atslēdzu daudzas ierīces no rozetēm, pirms dodos prom no mājām","Mājai ir smart apkures sistēma ar labu siltuma izolāciju un neuzskatu, ka vajag samazināt istabas temperatūru. Ar kaimiņiem nēsmu uz TU.","Privātmājā","Pārakstija uz manu vārdu.","Nē","Ja nu nākotnē rodas vajadzība liekajai telpai.","Nē","Es vēlos paturēt savu privāto vietu.","Jā","","Es apsildu māju ar dabasgāzi;Malka","Es pērku vienu lielu maisu ar barību vai izmantoju beziepakojuma pakalpojumus, nevis pērku vairākas mazas paciņas","Es dodos atvaļinājumā ar automašīnu nevis lidmašīnu;Nedēļas nogalēs ļoti maz ceļoju ar lidmašīnu","Daudz ērtāk un ir iespējams apskatīt vairāk vietas, ja brauc ar mašīnu.","Iegādājos drēbes tikai tad kad ir akcijā, jo uzskatu, ka fast fashion ir krāpniecība.","Es neveicu darbības, lai finansiāli atbalstīto ekoloģiskos projektus","Vīrietis","0-20 gadi","Pamatskola","No 3 001 EUR līdz 4 500 EUR","Vidusskolēns","Pilsēta"
"2024/02/23 8:07:25 PM GMT+2","Nē","Izmantoju produktus ar minimālo iepakojumu, bez tā vai pārstrādājamo iepakojumu (papīrs, kartons u.c.)","Nē, es neuzskatu, ka tas ir droši","Esmu visēdājs","Ēst tik daudz, cik vajadzīgs cilvēka organismam, lai būtu vesels","Neesmu īsti gatavs mainīt uzturā pielietojamo produkciju. ","Personīgais transportlīdzeklis, ar kuru pats braucu;Personīgais transportlīdzeklis, kurā brauc vairāki cilvēki (klienti, ģimenes locekļi, draugi u.c.);Velosipēds;Staigāju ar kājām","Iegādātos mazāku automašīnu;Izmantotu kopbraukšanu (carsharing);Biežāk izmantotu sabiedrisko transportu","Nav nauda, navaru atļauties sakarīgu elektro-auto.","Es strādāju hibrīdi (gan klātienē, gan attālināti)","Es nolieku veco ierīci kādā glabājamā vietā savā mājā, garažā vai pagrabā","Es samazinu savas istabas temperatūru;Es izmantoju energoefektīvu apgaismojumu (LED);Es nomainīju visas energoietilpīgas ierīces ar energoefektīvām (A+, A un B klašu tehniku);Es žāvēju savu veļu svaigā gaisā nevis veļas žāvētājā","No dzīves ērtības viedokļa.","Dzīvoklī","No ērtību viedokļa.","Nē","Kapēc?","Nē","PSSR laiki par laimi ir beigušies.","Jā","","Es apsildu māju ar dabasgāzi;Es nezinu, ar ko tiek apsildīta mana māja","Man nav mājdzīvnieku","Nedēļas nogalēs ļoti maz ceļoju ar lidmašīnu","Nav $$$","Es pērku jaunas drēbes tikai tad, kad manas vecās lietas ir saplēstas;Nēsāju vienu un to pašu apģērbu jau vairākus gadus un neplānoju tuvakajā nākotnē to mainīt;Es periodiski iegādājos jaunu apģērbu, ja man tas patīk","Es neveicu darbības, lai finansiāli atbalstīto ekoloģiskos projektus","Nevēlos izpaust","31-40 gadi","Vidusskola","Nevēlos izpaust","Darbinieks: Pilna slodze","Pilsēta"
"2024/02/23 9:11:59 PM GMT+2","Jā","Izmantoju produktus ar minimālo iepakojumu, bez tā vai pārstrādājamo iepakojumu (papīrs, kartons u.c.);Nepērku produktus, kurus nelietošu vai nepaspēšu izlietot laikus","Dzeru gan ūdeni gan pārējo","Esmu visēdājs","Samazināt savā uzturā dzīvnieku izcelsmes produktus;Ēst vairāk bioloģiskos dārzeņus un augļus;Ēst vairāk sezonālos dārzeņus un augļus;Ēst tik daudz, cik vajadzīgs cilvēka organismam, lai būtu vesels","Izvēlos ēst veselīgāk","Personīgais transportlīdzeklis, ar kuru pats braucu;Personīgais transportlīdzeklis, kurā brauc vairāki cilvēki (klienti, ģimenes locekļi, draugi u.c.)","Parastās automašīnas vietā iegādātos elektromašīnu","","Es strādāju hibrīdi (gan klātienē, gan attālināti)","Es nolieku veco ierīci kādā glabājamā vietā savā mājā, garažā vai pagrabā","Es izmantoju energoefektīvu apgaismojumu (LED);Es nomainīju visas energoietilpīgas ierīces ar energoefektīvām (A+, A un B klašu tehniku)","","Privātmājā","Privātums,  savā teritorijā ap māju, svaigs gaiss","Nē","","Nē","Svarīga privātā telpa","Nezinu","","Es uzstādīju saules paneļus;Es kurinu ar ogli un/vai kokogli","Pērku to kas garšo kaķim","Dodos ceļojumos gan ar auto gan lidmašinu","","Es periodiski iegādājos jaunu apģērbu, ja man tas patīk","Es pērku preces ar īpašu akciju, kur daļa no preces cenas aiziet ziedojumam videi","Sieviete","41-50 gadi","Profesionālā izglītība","No 1 501 EUR līdz 3 000 EUR","Darbinieks: Pilna slodze","Piepilsēta"
"2024/02/23 9:18:24 PM GMT+2","Nē","Kompostēju pāri palikušo ēdienu","Nē, es negribu to darīt","Esmu visēdājs","Nē, neviens no šiem variantiem nešķiet piemērots","Nevēlos ar neko sevi ierobežot. Jādzīvo ir šodien, jo dzive ir tikai viena!!!","Personīgais transportlīdzeklis, ar kuru pats braucu","Nevelos neko mainīt","Jo dzīve ir viena un par to ir jāpriecājas.","Manā apkārtnē nav darba vietas vai mācību iestādes, tāpēc braucu tālu","Es nolieku veco ierīci kādā glabājamā vietā savā mājā, garažā vai pagrabā","Es nedaru neko no minētā","","Privātmājā","Brīviba","Nē","Komfota deļ.","Nē","Tapec tās sausc par mājām, kur ir tikai ģimene.","Nē","Jo siltināšanas izmaksas atmaksāsies pec 50 gadiem. (Aprēķināts)","Ar granulām","Perku lielā iepakojumā","Maz celoju, bet ja jā tad ar auto","","Es pērku jaunas drēbes tikai tad, kad manas vecās lietas ir saplēstas;Es pērku jaunas drēbes lietotu preču veikalā, atkārtoti izmantoju apģērbu, ja tie ir labā stāvoklī;Es periodiski iegādājos jaunu apģērbu, ja man tas patīk","Es neveicu darbības, lai finansiāli atbalstīto ekoloģiskos projektus","Vīrietis","31-40 gadi","Vidusskola","No 1 501 EUR līdz 3 000 EUR","Darbinieks: Pilna slodze","Piepilsēta"
"2024/02/23 9:27:00 PM GMT+2","Jā","Lietoju vairākreiz lietojamus produktus;Izmantoju produktus ar minimālo iepakojumu, bez tā vai pārstrādājamo iepakojumu (papīrs, kartons u.c.);Nepērku produktus, kurus nelietošu vai nepaspēšu izlietot laikus;Kompostēju pāri palikušo ēdienu","Dzeru visu","Esmu visēdājs","Ēst vairāk sezonālos dārzeņus un augļus","Jo audzējam paši un konservējam","Personīgais transportlīdzeklis, kurā brauc vairāki cilvēki (klienti, ģimenes locekļi, draugi u.c.);Velosipēds","Brauktu ar dabasgāzi","Jo izvēlējos citu. Auto jāiegādā konkrētām vajadzībām un jābūt vienmēr pieejamam","Es strādāju hibrīdi (gan klātienē, gan attālināti)","Es pērku ierīces ar nelielu defektu vai bojājumu, salaboju to un lietoju;Ja es pērku jaunu ierīci, es atdodu savu iepriekšējo kādam citam","Es izmantoju energoefektīvu apgaismojumu (LED);Es nomainīju visas energoietilpīgas ierīces ar energoefektīvām (A+, A un B klašu tehniku);Es žāvēju savu veļu svaigā gaisā nevis veļas žāvētājā","","Privātmājā","Neatkarība","Nē","Mājoklis jāizvēlas atbilstoši dzīvesveidam","Nē","","Daļēji, esam procesā","","Es nomainīju apkures sistēmu uz biomasas apkures katlu","Es izmantoju tikai videi draudzīgu tualetes pildījumu","Es dodos atvaļinājumā ar automašīnu nevis lidmašīnu;Nedēļas nogalēs mazāk lietoju personīgo transportlīdzekli nekā darba dienās","","Es pērku jaunas drēbes tikai tad, kad manas vecās lietas ir saplēstas;Nēsāju vienu un to pašu apģērbu jau vairākus gadus un neplānoju tuvakajā nākotnē to mainīt","Es veicu ieguldījumus ekoloģiskās un ētiskās zaļajās finansēs","Vīrietis","41-50 gadi","Augtākā izglītība, maģistrs","Nevēlos izpaust","Darbinieks: Pilna slodze","Piepilsēta"
"2024/02/23 9:32:08 PM GMT+2","Nē","Nepērku produktus, kurus nelietošu vai nepaspēšu izlietot laikus","Jā, es to jau daru","Esmu visēdājs","Ēst vairāk bioloģiskos dārzeņus un augļus;Ēst vairāk sezonālos dārzeņus un augļus","Palielinot augļu un dārzeņu dienas devu iespējams uzņemt vajdzīgos vitamīnus un minerālvielas","Sabiedriskais transports - autobuss, trolejbuss, tramvajs;Vilciens;Velosipēds;Staigāju ar kājām","","","Es izvēlējos dzīvesvietu netālu no sava darba vai mācību iestādes","Es nolieku veco ierīci kādā glabājamā vietā savā mājā, garažā vai pagrabā","Es samazinu savas istabas temperatūru","","Dzīvoklī","","Nē","Dzīvojamā platība nekad nevar būt par daudz","Nē","Patīk sava kārtība","Nē","Nezinu, acīmredzot nav vēl izstrādāt siltināšanas projekts daudzdzīvokļu mājai","Es apsildu māju ar elektroenerģiju","Man nav mājdzīvnieku","Nedēļas nogalēs ļoti maz ceļoju ar lidmašīnu","Nedēļas nogale ir pārāk īsa lai kaut kur dotos ar lidmašīnu","Es pērku jaunas drēbes tikai tad, kad manas vecās lietas ir saplēstas;Es periodiski iegādājos jaunu apģērbu, ja man tas patīk","Es neveicu darbības, lai finansiāli atbalstīto ekoloģiskos projektus","Vīrietis","21-30 gadi","Augtākā izglītība, maģistrs","No 601 EUR līdz 1500 EUR","Darbinieks: Pilna slodze","Pilsēta"
"2024/02/23 10:44:26 PM GMT+2","Jā","Izmantoju produktus ar minimālo iepakojumu, bez tā vai pārstrādājamo iepakojumu (papīrs, kartons u.c.)","Nē, es neuzskatu, ka tas ir droši","Esmu visēdājs","Ēst tik daudz, cik vajadzīgs cilvēka organismam, lai būtu vesels","","Personīgais transportlīdzeklis, kurā brauc vairāki cilvēki (klienti, ģimenes locekļi, draugi u.c.)","Parastās automašīnas vietā iegādātos elektromašīnu","","Es izvēlos darba vietu vai mācību iestādi netālu no savas dzīvesvietas","Es nolieku veco ierīci kādā glabājamā vietā savā mājā, garažā vai pagrabā","Es izmantoju energoefektīvu apgaismojumu (LED)","","Privātmājā","","Jā","","Nē","","Jā","","Es apsildu māju ar dabasgāzi","Man nav mājdzīvnieku","Nedēļas nogalēs mazāk lietoju personīgo transportlīdzekli nekā darba dienās","","Es pērku jaunas drēbes tikai tad, kad manas vecās lietas ir saplēstas","Nepērkot preces, es tērēju vairāk naudas nesaistītām aktivitātēm","Vīrietis","61-70 gadi","Augtākā izglītība, bakalaurs","No 3 001 EUR līdz 4 500 EUR","Darbinieks: Pilna slodze","Pilsēta"
"2024/02/23 10:59:39 PM GMT+2","Jā","Izmantoju produktus ar minimālo iepakojumu, bez tā vai pārstrādājamo iepakojumu (papīrs, kartons u.c.);Nepērku produktus, kurus nelietošu vai nepaspēšu izlietot laikus","Nē, es neuzskatu, ka tas ir droši","Esmu visēdājs","Ēst vairāk sezonālos dārzeņus un augļus;Ēst tik daudz, cik vajadzīgs cilvēka organismam, lai būtu vesels","Uzskatu, ka sezonālie augļi vai dārzeņi ir veselīgāki","Personīgais transportlīdzeklis, ar kuru pats braucu;Staigāju ar kājām","Iegādātos mazāku automašīnu","Izvēlējos","Es izvēlējos dzīvesvietu netālu no sava darba vai mācību iestādes","Ja es pērku jaunu ierīci, es atdodu savu iepriekšējo kādam citam","Es samazinu savas istabas temperatūru;Es izmantoju energoefektīvu apgaismojumu (LED);Es nomainīju visas energoietilpīgas ierīces ar energoefektīvām (A+, A un B klašu tehniku)","","Privātmājā","Patīk neatkarība, varu saimniekot kā patīk","Jā","Varbūt ar laiku, samainītu uz mazāku platību, lai ekonomētu finanšu līdzekļus","Nē","Vēlos saglabāt komfortu","Jā","","Es apsildu māju ar dabasgāzi","Man nav mājdzīvnieku","Nedēļas nogalēs ļoti maz ceļoju ar lidmašīnu","Ceļojumu plānoju vienreiz gadā","Es periodiski iegādājos jaunu apģērbu, ja man tas patīk","Es samazinu savu darba laiku un patēriņu precēm;Es pērku preces ar īpašu akciju, kur daļa no preces cenas aiziet ziedojumam videi","Sieviete","51-60 gadi","Augtākā izglītība, bakalaurs","No 1 501 EUR līdz 3 000 EUR","Darbinieks: Pilna slodze","Pilsēta"
"2024/02/24 8:20:21 AM GMT+2","Jā","Lietoju vairākreiz lietojamus produktus;Izmantoju produktus ar minimālo iepakojumu, bez tā vai pārstrādājamo iepakojumu (papīrs, kartons u.c.)","Jā, es to jau daru","Esmu visēdājs","Samazināt savā uzturā dzīvnieku izcelsmes produktus;Ēst vairāk bioloģiskos dārzeņus un augļus;Ēst vairāk sezonālos dārzeņus un augļus","Vēlos uzturēt ekoloģiski draudzīgāku dzīvesveidu","Personīgais transportlīdzeklis, ar kuru pats braucu;Personīgais transportlīdzeklis, kurā brauc vairāki cilvēki (klienti, ģimenes locekļi, draugi u.c.)","Iegādātos mazāku automašīnu","Nav nepieciešamības pēc kopbraukšanas vai elektriskā traansportlīdzekļa, un sabiedriskais transports nekursē tur, kur braucu ar mašīnu.","Es izvēlos darba vietu vai mācību iestādi netālu no savas dzīvesvietas","Es nolieku veco ierīci kādā glabājamā vietā savā mājā, garažā vai pagrabā","Es samazinu savas istabas temperatūru;Es samazinu izmantotā karstā ūdens daudzumu;Es izmantoju energoefektīvu apgaismojumu (LED);Es žāvēju savu veļu svaigā gaisā nevis veļas žāvētājā","Uzskatu, ka manas veiktās darbības ir pietiekoši samazina enerģijas patēriņu.","Privātmājā","Cilvēku skaits ģimenē","Nē","Lielāka platība rada labāku komfortu.","Nē","Cilvēku skaits ģimenē neatļauj ievākties koplietojamā mājoklī.","Jā","","Es apsildu māju ar dabasgāzi","Man nav mājdzīvnieku","Nedēļas nogalēs mazāk lietoju personīgo transportlīdzekli nekā darba dienās","Mazāk izbraucu nedēļas beigās.","Es pērku jaunas drēbes tikai tad, kad manas vecās lietas ir saplēstas;Nēsāju vienu un to pašu apģērbu jau vairākus gadus un neplānoju tuvakajā nākotnē to mainīt","Es neveicu darbības, lai finansiāli atbalstīto ekoloģiskos projektus","Vīrietis","41-50 gadi","Augtākā izglītība, bakalaurs","No 1 501 EUR līdz 3 000 EUR","Darbinieks: Pilna slodze","Pilsēta"
"2024/02/24 8:24:55 AM GMT+2","Nē","Nepērku produktus, kurus nelietošu vai nepaspēšu izlietot laikus","Nē, es neuzskatu, ka tas ir droši","Esmu visēdājs","Ēst vairāk bioloģiskos dārzeņus un augļus;Ēst vairāk sezonālos dārzeņus un augļus;Ēst tik daudz, cik vajadzīgs cilvēka organismam, lai būtu vesels","Vairāk garšo organiski audzēta pārtika.","Sabiedriskais transports - autobuss, trolejbuss, tramvajs;Vilciens;Staigāju ar kājām","","Nepieder mašīna","Es izvēlos darba vietu vai mācību iestādi netālu no savas dzīvesvietas","Es vienkārši izmetu savu veco ierīci","Es samazinu savas istabas temperatūru;Es izmantoju energoefektīvu apgaismojumu (LED)","Neuzskatu, ka tas nepieciešams","Privātmājā","Kur dzimis, tur audzis","Nē","Jūtos komfortabls savā mājoklī","Nē","Jo ir privāts mājoklis","Jā","","Es apsildu māju ar elektroenerģiju","Man nav mājdzīvnieku","Pēdējos gados neceļoju","Pēdējos gados neceļoju","Es pērku jaunas drēbes tikai tad, kad manas vecās lietas ir saplēstas;Es periodiski iegādājos jaunu apģērbu, ja man tas patīk","Es neveicu darbības, lai finansiāli atbalstīto ekoloģiskos projektus","Vīrietis","21-30 gadi","Profesionālā izglītība","No 601 EUR līdz 1500 EUR","Darbinieks: Pilna slodze","Pilsēta"
"2024/02/24 12:31:15 PM GMT+2","Nē","Neuzskatu, ka tas ir nepieciešams","Jā, bet es papildus lietošu ūdens attīrītāju","Esmu visēdājs","Ēst vairāk sezonālos dārzeņus un augļus;Ēst tik daudz, cik vajadzīgs cilvēka organismam, lai būtu vesels","","Personīgais transportlīdzeklis, ar kuru pats braucu;Personīgais transportlīdzeklis, kurā brauc vairāki cilvēki (klienti, ģimenes locekļi, draugi u.c.);Sabiedriskais transports - autobuss, trolejbuss, tramvajs;Staigāju ar kājām","Parastās automašīnas vietā iegādātos elektromašīnu;Biežāk izmantotu sabiedrisko transportu","","Es strādāju attālināti","Es nolieku veco ierīci kādā glabājamā vietā savā mājā, garažā vai pagrabā","Es izmantoju energoefektīvu apgaismojumu (LED)","","Dzīvoklī","","Nē","","Nē","","Nē","","Es nezinu, ar ko tiek apsildīta mana māja","Pērku lētāko","Nedēļas nogalēs mazāk lietoju personīgo transportlīdzekli nekā darba dienās","","Es periodiski iegādājos jaunu apģērbu, ja man tas patīk","Es neveicu darbības, lai finansiāli atbalstīto ekoloģiskos projektus","Sieviete","51-60 gadi","Augtākā izglītība, bakalaurs","No 1 501 EUR līdz 3 000 EUR","Darbinieks: Pilna slodze","Pilsēta"
"2024/02/24 12:36:50 PM GMT+2","Jā","Lietoju vairākreiz lietojamus produktus;Izmantoju produktus ar minimālo iepakojumu, bez tā vai pārstrādājamo iepakojumu (papīrs, kartons u.c.);Nepērku produktus, kurus nelietošu vai nepaspēšu izlietot laikus;Kompostēju pāri palikušo ēdienu","Jā, bet es papildus lietošu ūdens attīrītāju","Esmu visēdājs","Ēst tik daudz, cik vajadzīgs cilvēka organismam, lai būtu vesels","Lai netērēt vairāk naudas","Personīgais transportlīdzeklis, kurā brauc vairāki cilvēki (klienti, ģimenes locekļi, draugi u.c.);Sabiedriskais transports - autobuss, trolejbuss, tramvajs;Staigāju ar kājām","Šobrīd valstī nav man atbilstošas alternatīvas","Mana dzīve nav iespējama bez personiskā auto, taču iegādāties elektroauto nav izdevīgi ","Es strādāju hibrīdi (gan klātienē, gan attālināti)","Es nolieku veco ierīci kādā glabājamā vietā savā mājā, garažā vai pagrabā","Es samazinu savas istabas temperatūru;Es izmantoju energoefektīvu apgaismojumu (LED);Es žāvēju savu veļu svaigā gaisā nevis veļas žāvētājā","","Privātmājā","Dzīves sapnis","Jā","Nav lietderīgi ","Nē","Vēlos savu vietu","Jā","","Es apsildu māju ar dabasgāzi","Pērku to barību, kas atbilst mana dzīvnieka vajadzībām ","Nedēļas nogalēs mazāk lietoju personīgo transportlīdzekli nekā darba dienās","Lai vairāk pastaigāties ","Es pērku jaunas drēbes tikai tad, kad manas vecās lietas ir saplēstas","Es neveicu darbības, lai finansiāli atbalstīto ekoloģiskos projektus","Sieviete","31-40 gadi","Augtākā izglītība, maģistrs","No 1 501 EUR līdz 3 000 EUR","Darbinieks: Pilna slodze","Pilsēta"
"2024/02/24 12:39:31 PM GMT+2","Jā","Lietoju vairākreiz lietojamus produktus;Nepērku produktus, kurus nelietošu vai nepaspēšu izlietot laikus","Nē, man nepatīk garša","Esmu visēdājs","Ēst vairāk bioloģiskos dārzeņus un augļus;Ēst vairāk sezonālos dārzeņus un augļus;Ēst tik daudz, cik vajadzīgs cilvēka organismam, lai būtu vesels","","Personīgais transportlīdzeklis, kurā brauc vairāki cilvēki (klienti, ģimenes locekļi, draugi u.c.);Velosipēds;Staigāju ar kājām","Iegādātos mazāku automašīnu;Biežāk izmantotu sabiedrisko transportu","","Es izvēlos darba vietu vai mācību iestādi netālu no savas dzīvesvietas","Ja es pērku jaunu ierīci, es atdodu savu iepriekšējo kādam citam","Es samazinu savas istabas temperatūru;Es izmantoju energoefektīvu apgaismojumu (LED);Es atslēdzu daudzas ierīces no rozetēm, pirms dodos prom no mājām","","Dzīvoklī","","Nē","","Nē","","Nē","","Es nezinu, ar ko tiek apsildīta mana māja","Es pērku vienu lielu maisu ar barību vai izmantoju beziepakojuma pakalpojumus, nevis pērku vairākas mazas paciņas;Es taisu mantiņas pats no vecām lietām, dodot tām otro dzīvību","Es dodos atvaļinājumā ar automašīnu nevis lidmašīnu","","Es periodiski iegādājos jaunu apģērbu, ja man tas patīk","Es samazinu savu darba laiku un patēriņu precēm;Es pērku preces ar īpašu akciju, kur daļa no preces cenas aiziet ziedojumam videi","Sieviete","41-50 gadi","Augtākā izglītība, maģistrs","Nevēlos izpaust","Atbrīvots no darba","Pilsēta"
"2024/02/24 12:41:47 PM GMT+2","Nē","Neuzskatu, ka tas ir nepieciešams","Jā, bet es papildus lietošu ūdens attīrītāju","Esmu visēdājs","Ēst vairāk sezonālos dārzeņus un augļus;Ēst tik daudz, cik vajadzīgs cilvēka organismam, lai būtu vesels","","Personīgais transportlīdzeklis, kurā brauc vairāki cilvēki (klienti, ģimenes locekļi, draugi u.c.)","Parastās automašīnas vietā iegādātos elektromašīnu","","Man ir savs mājas birojs","Ja es pērku jaunu ierīci, es atdodu savu iepriekšējo kādam citam","Es samazinu savas istabas temperatūru;Es samazinu izmantotā karstā ūdens daudzumu;Es izmantoju energoefektīvu apgaismojumu (LED);Es nomainīju visas energoietilpīgas ierīces ar energoefektīvām (A+, A un B klašu tehniku);Es žāvēju savu veļu svaigā gaisā nevis veļas žāvētājā","Pārāk sarežģīti","Privātmājā","Sava teritorija","Jā","Ietaupīt uz ekspluatācijas","Nē","Esmu introverts","Jā","","Es nomainīju apkures sistēmu uz siltumsūkni;Es uzstādīju saules paneļus","Man nav mājdzīvnieku","Dodos atvaļinājuma ar lidmašīnu","Ērti un ātri","Es pērku jaunas drēbes tikai tad, kad manas vecās lietas ir saplēstas;Es periodiski iegādājos jaunu apģērbu, ja man tas patīk","Es neveicu darbības, lai finansiāli atbalstīto ekoloģiskos projektus","Vīrietis","51-60 gadi","Augtākā izglītība, maģistrs","Nevēlos izpaust","Darbinieks: Pilna slodze","Piepilsēta"
"2024/02/24 12:44:48 PM GMT+2","Nē","Lietoju vairākreiz lietojamus produktus;Nepērku produktus, kurus nelietošu vai nepaspēšu izlietot laikus","Nē, man nepatīk garša","Esmu visēdājs","Ēst tik daudz, cik vajadzīgs cilvēka organismam, lai būtu vesels","Citi piedāvātie varianti man nešķiet piemēroti , jo būtiski mainīs dzīves kvalitāti, bet nespēs būtiski uzlabot vidi","Personīgais transportlīdzeklis, kurā brauc vairāki cilvēki (klienti, ģimenes locekļi, draugi u.c.);Velosipēds;Staigāju ar kājām","Iegādātos mazāku automašīnu;Biežāk izmantotu sabiedrisko transportu","A/m stāv bez darbības kamēr esmu darbā, loģiski, ka tajā laikā to var izmantot citi manas ģimenes locekļi","Es izvēlējos dzīvesvietu netālu no sava darba vai mācību iestādes","Es lietoju savu ierīci tik ilgi, līdz tā kļūs nederīga vai remontēt to ir parāk dārgi","Es nomainīju visas energoietilpīgas ierīces ar energoefektīvām (A+, A un B klašu tehniku);Es žāvēju savu veļu svaigā gaisā nevis veļas žāvētājā","","Privātmājā","","Jā","","Nē","Esam liela ģimene","Jā","","Es apsildu māju ar elektroenerģiju","Man nav mājdzīvnieku"," Vienmēr apsvēru kombināciju: laiks/nauda/komforts. Izvēlos ceļošanas veidu atkarībā no situācijas","","Es periodiski iegādājos jaunu apģērbu, ja man tas patīk","Es neveicu darbības, lai finansiāli atbalstīto ekoloģiskos projektus","Sieviete","41-50 gadi","Augtākā izglītība, maģistrs","Nevēlos izpaust","Darbinieks: Pilna slodze","Pilsēta"
"2024/02/24 1:10:52 PM GMT+2","Nē","Nepērku produktus, kurus nelietošu vai nepaspēšu izlietot laikus","Nē, es neuzskatu, ka tas ir droši","Esmu visēdājs","Ēst tik daudz, cik vajadzīgs cilvēka organismam, lai būtu vesels","","Personīgais transportlīdzeklis, ar kuru pats braucu","Parastās automašīnas vietā iegādātos elektromašīnu","","Es izvēlos darba vietu vai mācību iestādi netālu no savas dzīvesvietas","Es vienkārši izmetu savu veco ierīci;Es nolieku veco ierīci kādā glabājamā vietā savā mājā, garažā vai pagrabā","Es samazinu savas istabas temperatūru;Es izmantoju energoefektīvu apgaismojumu (LED)","","Privātmājā","laba ekologija","Jā","dargi apsaimniekot","Nē","nav jutigi","Jā","","Es apsildu māju ar dabasgāzi","Man nav mājdzīvnieku","Nedēļas nogalēs mazāk lietoju personīgo transportlīdzekli nekā darba dienās","","Es pērku jaunas drēbes tikai tad, kad manas vecās lietas ir saplēstas;Es periodiski iegādājos jaunu apģērbu, ja man tas patīk","Es neveicu darbības, lai finansiāli atbalstīto ekoloģiskos projektus","Vīrietis","41-50 gadi","Augtākā izglītība, maģistrs","Nevēlos izpaust","Pašnodarbināts","Piepilsēta"
